,Comune,Provincia,Statale Æ’?? Non statale,OMR,Sistema museale territoriale,Sistema museale urbano,Sistema museale tematico,Casa museo,Q1.1_SA_DENOMINAZIONE_MUSEO_ISTITUTO,Q1.2_SA_INDIRIZZO_MUSEO_ISTITUTO,Q1.3_SA_LOCALITA_MUSEO_ISTITUTO,Q1.4_SA_UBICAZIONE/EDIFICIO_MUSEO_ISTITUTO,Cap,Q1.8_SA_TELEFONO_MUSEO_ISTITUTO,Q1.9_SA_FAX_MUSEO_ISTITUTO,Q1.10_SA_EMAIL_MUSEO_ISTITUTO,Q1.11_SA_SITO WEB_MUSEO_ISTITUTO,latitudine,longitudine
0,Farnese,Viterbo,Non MIBACT,OMR,Sistema museale del lago di Bolsena,,PROUST,,museo civico FERRANTE RITTATORE VONWILLER,VIA COLLE SAN MARTINO; 16,Farnese,-,1010.0,761458849,761458849,museofarnese@virgilio.it  museofarnese@simulabo.it,www.simulabo.it,42.5498,11.72706
1,Roma,Roma,Non MIBACT,OMR,,,,,ECOMUSEO DEL LITORALE ROMANO,VIA DEL FOSSO DI DRAGONCELLO; 172,LONGARINA/OSTIA,AREA IMPIANTO IDROVORO DI OSTIA ANTICA,124.0,65651764,65650609,crt.ecomuseo@tin.it,www.ecomuseocrt.it,41.746559999999995,12.31766
2,Collepardo,Frosinone,MIBACT,,,,,,Abbazia di Trisulti,Via Trisulti; 8,-,-,3010.0,77547024,-,-,-,41.76406,13.37067
3,Roma,Roma,Non MIBACT,,,,,,MUSEO STORICO DELLA MOTORIZZAZIONE MILITARE DELL'ESERCITO,VIALE DELL'ESERCITO; 170,CECCHIGNOLA,CASERMA 'ARPAIA',143.0,06 50237374,06 50237374,museo@comlogpro.esercito.difesa.it,www.comlogpro.esercito.difesa.it,41.805890000000005,12.49709
4,Roma,Roma,Non MIBACT,,,,,,MUSEO STORICO DELLA COMUNICAZIONE,VIALE EUROPA 190,-,Eur -  Ministero dello Sviluppo Economico,144.0,06 54443000,06 54221673,museo.comunicazioni@sviluppoeconomico.gov.it,www.sviluppoeconomico.gov.it/museo,41.83129,12.46763
5,Roma,Roma,MIBACT,,,,,,Complesso di Capo di Bove,Via Appia Antica; 222,-,Area archeologica presso villa/casale lungo la Via Appia Antica,178.0,67806686,678358742,-,htpp://www.archeoroma.beniculturali.it,41.84397,12.529739999999999
6,Roma,Roma,Non MIBACT,OMR,,Sistema Musei in Comune,,,MUSEI CAPITOLINI,PIAZZA DEL CAMPIDOGLIO; 1,,c/o palazzo (Palazzo dei Conservatori; Palazzo Nuovo; Palazzo Caffarelli; Palazzo Clementino; Palazzo Senatorio),186.0,667102475,66785488,info.museicapitolini@comune.roma.it,www.museicapitolini.org,41.89335,12.4829
7,Roma,Roma,Non MIBACT,,,,,,MUSEO TEATRALE SIAE DEL BURCARDO,VIA DEL SUDARIO; 44,-,-,186.0,66819471,668194727,biblioteca.burcardo@siae.it,-,41.89597,12.475530000000001
8,Roma,Roma,Non MIBACT,,,,,,MUSEO CRIMINOLOGICO,VIA DEL GONFALONE; 29,-,-,186.0,668899442,668215347,museo.criminologico@giustizia.it,www.museocriminologico.it,41.897729999999996,12.46664
9,Roma,Roma,Non MIBACT,OMR,,,,,Museo d'arte sacra di San Giovanni dei Fiorentini,via degli Acciaioli 2,,Chiesa di San Giovanni dei Fiorentini,186.0,06 6869892,,info@sangiovannideifiorentini.net,www.sangiovannideifiorentini.net/index.php/museo/,41.899809999999995,12.464369999999999
10,Cerveteri,Roma,MIBACT,,,,,,Necropoli della Banditaccia,Piazzale Mario Moretti (giÃ‡Ã¿ della Necropoli),-,-,53.0,69940001,69940001,sba-em@beniculturali.it,htpp//:etruriameridionale.beniculturali.it,42.00724,12.103660000000001
11,Anticoli Corrado,Roma,Non MIBACT,,Sistema MEDANIENE,,,,CIVICO MUSEO D'ARTE MODERNA E CONTEMPORANEA,PIAZZA SANTA VITTORIA; 2,Anticoli Corrado,Edificio,22.0,774936657,774936657,museoanticoli@hotmail.it,-,42.01028,12.9882
12,Roma,Roma,MIBACT,,,,,,Complesso Archeologico di Malborghetto,Via Barlassina; 1,Via Flaminia; Km 19;00,-,188.0,633625595,633616477,-,www.archeoroma.it,42.052170000000004,12.48683
13,Mazzano Romano,Roma,Non MIBACT,OMR,,,,,museo civico archeologico-virtuale di Narce MAVNA,piazza Giovanni XXIII 12,,,60.0,,,info@mavna.it,www.mavna.it,42.20442,12.39963
14,Caprarola,Viterbo,MIBACT,,,,,,Palazzo Farnese,Piazzale Farnese; 1,-,-,1032.0,0761 646052,0761 646052,-,-,42.32799,12.23776
15,Rieti,Rieti,Non MIBACT,,,,,,MUSEO DIOCESANO,VIA CINTIA; 83,-,-,2100.0,746482720,746200228,diocesi-rieti@libero.it,www.museodiocesanorieti.it,42.402409999999996,12.858369999999999
16,Viterbo,Viterbo,Non MIBACT,OMR,,Sistema museale urbano di Viterbo,,,MUSEO DEL SODALIZIO DEI FACCHINI DI SANTA ROSA,VIA S. PELLEGRINO 60-62,-,-,1100.0,761345157,-,-,-,42.41386,12.1059
17,Ventotene,Latina,Non MIBACT,OMR,,,,,MUSEO STORICO ARCHEOLOGICO COMUNALE,PIAZZA CASTELLO 1,Ventotene,Forte torre borbonico - sede comunale,4020.0,771854226,771854061,riservaventotene@comune.ventotene.lt.it,www.riservaventotene.it,40.796358000000005,13.432965
18,Formia,Latina,MIBACT,,,,,,Museo Archeologico Nazionale,Via Vitruvio; 184,-,Palazzo Comunale,4023.0,0771 770382,0771 770382,sba-laz.museoformia@beniculturali.it,www.archeolz.arti.beniculturali.it,41.255707,13.6061587
19,Latina,Latina,Non MIBACT,OMR,,,MUSART,,museo civico 'DUILIO CAMBELLOTTI',PIAZZA SAN MARCO; 1,-,-,4100.0,773486913,773652640,musei@comune.latina.it,-,41.464299,12.9041746
20,Sezze,Latina,Non MIBACT,,,,,,MUSEO LEPINO DELLA CIVILTA' CONTADINA,VIA PIEMONTE; 35,SEZZE SCALO,-,4018.0,773876154,773876154,alessandrodinorma@libero.it,-,41.495245000000004,13.044572
21,Sezze,Latina,Non MIBACT,OMR,,,DEMOS,,MUSEO ETNOGRAFICO DEL GIOCATTOLO TERRITORIALE,VIA UMBERTO PRIMO; 46/48,-,LUDOTECA COMUNALE,4018.0,773803797,773803797,ludoteca@comune.sezze.lt.it,-,41.498302,13.060682
22,Sezze,Latina,Non MIBACT,OMR,Sistema dei Monti Lepini,,,,Museo etnografico del giocattolo LUDUS,Via Umberto I 46/48,,Palazzo Rappini,4018.0,0773 8081.402- 339 7879255,0773 808403,museinsieme.sezze@gmail.com,www.comune.sezze.lt.it/pagina432_museo-del-giocattolo.html,41.498302,13.060682
23,Roccagorga,Latina,Non MIBACT,OMR,Sistema dei Monti Lepini,,DEMOS,,ETNOMUSEO MONTI LEPINI,PIAZZA RISORGIMENTO; 4,-,PALAZZO BARONALE,4010.0,773958792,773960000,info@etnomuseo.it,www.etnomuseo.it,41.524705,13.156568
24,Roccagorga,Latina,Non MIBACT,,,,,,museo civico 'ASSI DELL'AERONAUTICA',via Domenico Menta,Roccagorga,"Edificio Scolastico ""Giuseppe Restaini""",4010.0,773959098,773960170,comune.roccagorga@libero.it,-,41.524963,13.1573663
25,Ceprano,Frosinone,Non MIBACT,OMR,,,,,museo civico ARCHEOLOGICO DI GREGELLAE,CORSO DELLA REPUBBLICA,CEPRANO,SEDE COMUNALE,3024.0,7759174237,775912754,museo.ceprano@libero.it,-,41.545371,13.5160425
26,Bassiano,Latina,Non MIBACT,OMR,,,DEMOS,,MUSEO DELLE SCRITTURE ALDO MANUZIO,VIA ALDO MANUZIO; 117,Bassiano,-,4010.0,773355013,773355013,mds@comune.bassiano.lt.it,-,41.549186999999996,13.032689999999999
27,Arce,Frosinone,Non MIBACT,,,,,,MUSEO TERRITORIALE 'GENTE DI CIOCIARIA',PIAZZA UMBERTO I; SNC,-,-,3032.0,776523171,776524092,info@xvcomunitamontanalazio.it,www.xvcomunitamontanalazio.it,41.587742,13.5742208
28,Velletri,Roma,Non MIBACT,OMR,,Sistema museale urbano di Velletri,,,MUSEO DIOCESANO VELLETRI,CORSO DELLA REPUBBLICA; 347,Velletri,Palazzo vescovile,49.0,69628838,69628838,museo@museodiocesanovelletri.com,www.museodiocesanovelletri.it,41.682846999999995,12.775827
29,Velletri,Roma,Non MIBACT,OMR,,Sistema museale urbano di Velletri,PROUST,,museo civico ARCHEOLOGICO ORESTE NARDINI,VIA G.MAMELI; 6,Velletri,Palazzo Comunale,49.0,696158268,696158239,museo.civico@comune.velletri.rm.it,www.velletrimusei.it,41.686284,12.7770344
30,Segni,Roma,Non MIBACT,OMR,Sistema dei Monti Lepini,,PROUST,,MUSEO ARCHEOLOGICO COMUNALE DI SEGNI,VIA LAURI; 1,-,Antico Palazzo della ComunitÃ‡Ã¿,37.0,697.260.072,697.260.072,info@museosegni.it,www.museosegni.it,41.692865000000005,13.023669900000002
31,Nemi,Roma,MIBACT,,,,,,Museo delle Navi Romane di Nemi,Via Diana; 15/19,Nemi Lago,-,40.0,06 9398040,06 9398040,sba-laz.nemi.museonaviromane@beniculturali.it,www.archeolz.arti.beniculturali.it,41.720303,12.683235
32,Ariccia,Roma,Non MIBACT,OMR,,,,,museo del barocco di Palazzo Chigi di Ariccia,PIAZZA DI CORTE; 14,-,PALAZZO CHIGI,40.0,69330053,69330988,info@palazzochigiariccia.it,www.palazzochigiariccia.it,41.720918,12.6716841
33,Alatri,Frosinone,Non MIBACT,OMR,,,PROUST,,museo civico,corso Cavour; 3,-,All'interno del centro storico di Alatri,3011.0,0775459009  07754481 (Comune),775459009,comune_alatri@libero.it  culturaeturismo@comune.alatri.fr.it,-,41.726062,13.343724900000002
34,Anagni,Frosinone,Non MIBACT,,,,,,MUSEO DEL TESORO DELLA CATTEDRALE E LAPIDARIO,VIA LEONE XIII; 5,-,C/o Cattedrale di Anagni,3012.0,775728374,7755728374,anagnicattedrale@libero.it,www.anagnicattedrale.org,41.742697,13.1622
35,Anagni,Frosinone,Non MIBACT,,,,,,MOSTRA PERMANENTE 'TOMMASO GISMONDI',PIAZZA INNOCENZO III; 25,-,-,3012.0,775727856,775727856,-,-,41.742993,13.161588
36,Fiumicino,Roma,MIBACT,,,,,,Necropoli di Porto - Isola Sacra,Via di Monte Spinoncia; 52,-,-,54.0,66583888,-,-,-,41.767072,12.265684
37,Vico nel Lazio,Frosinone,Non MIBACT,,,,,,MUSEO ALLA PACE 'I NUOVI PRIMITIVI',VIA GUGLIELMO MARCONI; 56,-,C/O Palazzo del Governatore,3010.0,77541662,775418932,luciano.dabbruzzo@alice.it,-,41.777896000000005,13.342014
38,Roma,Roma,Non MIBACT,OMR,,,,,MUSEO DELLE CARROZZE D'EPOCA,VIA ANDREA MILLEVOI; 693,Roma Cecchignola Est,-,178.0,651958112,651958112,info@lecarrozzadepoca.it,-,41.817136,12.519055999999999
39,Roma,Roma,MIBACT,,,,,,Museo Nazionale delle Arti e Tradizioni Popolari,Piazza Marconi; 8/10,-,-,144.0,65926148,65911848,ic-d@beniculturali.it,www.idea.mat.beniculturali.it,41.832485999999996,12.4718655
40,Roma,Roma,MIBACT,,,,,,"Museo Nazionale Preistorico ed Etnografico ""L. Pigorini""",Piazza Guglielmo Marconi; 14,EUR,Palazzo delle Scienze,144.0,6549521,654952310,s-mnpe@beniculturali.it,www.pigorini.beniculturali.it,41.832485999999996,12.4718655
41,Zagarolo,Roma,Non MIBACT,OMR,Sistema museale dei Castelli romani e prenestini MUSEUMGRANDTOUR,,,,MUSEO DEMOETNOANTROPOLOGICO DEL GIOCATTOLO,PIAZZA INDIPENDENZA,Zagarolo,PALAZZO RUSPIGLIOSI,39.0,695769405,69524572,info@museogiocattolo.it,www.museogiocattolo.it,41.838194,12.8308964
42,Rocca di Cave,Roma,Non MIBACT,OMR,,,RESINA,,"museo geo-paleontologico ""Ardito Desio""",piazza della Torre; 11,Rocca,,30.0,06 9584098,06 9584023,hipparcos.cds@tiscali.it,www.museiresina.it/museodesio.htlm,41.847297,12.945667
43,Roma,Roma,Non MIBACT,OMR,,Sistema Musei in Comune,,,MUSEO DELLA REPUBBLICA ROMANA E DELLA MEMORIA GARIBALDINA,LARGO DI PORTA S.PANCRAZIO; 9,Porta San Pancrazio,C/O COMPLESSO MONUMENTALE DI PORTA S.PANCRAZIO,153.0,65894575,658157153,mara.minasi@comune.roma.it,www.museodellarepubblicaromana.it,41.888509,12.4617041
44,Roma,Roma,MIBACT,,,,,,Crypta Balbi,Via delle Botteghe Oscure; 31,-,-,186.0,66977671,669776728,laura.vendittelli@beniculturali.it,www.archeoroma.beniculturali.it,41.894932,12.4783617
45,Roma,Roma,Non MIBACT,,,,,,GALLERIA COLONNA SRL,PIAZZA SANTI APOSTOLI; 66,,-,187.0,66784350,66794638,info@galleriacolonna.it,www.galleriacolonna.it,41.897162,12.483499400000001
46,Roma,Roma,Non MIBACT,,,,,,MUSEO STORICO NAZIONALE DELL'ARTE SANITARIA,LUNGOTEVERE IN SASSIA; 3,-,-,193.0,66893051,66833485,segreteria.asas@gmail.com,-,41.900853000000005,12.4630335
47,Roma,Roma,Non MIBACT,,,,,,MUSEO FRANCESCANO DELL'ISTITUTO STORICO DEI CAPPUCCINI,CIRCONVALLAZIONE OCCIDENTALE 6850,GRA KM 65.50,COLLEGIO S. LORENZO DA BRINDISI,163.0,6660521,666052532,yteklema@yahoo.com,www.istcap.org,41.914376000000004,12.384941099999999
48,Vallepietra,Roma,Non MIBACT,,,,,,museo civico DEGLI EX-VOTO,PIAZZA ITALIA; 2,-,Municipio,20.0,774899031,774899150,info@comunevallepietra.it,-,41.926836,13.230927
49,Tivoli,Roma,MIBACT,,,,,,Villa d'Este,Piazza Trento; 5,-,-,19.0,774312070,0774 318080,villadestetivoli@tiscalinet.it,www.villadestetivoli.info,41.962238,12.796944900000002
50,Cervara di Roma,Roma,Non MIBACT,OMR,,,,,MUSEO DELLA MONTAGNA,VIA VERDI; SNC,-,-,20.0,774828275,774828762,cervaradiroma.comune@virgilio.it,-,41.988214,13.067661900000001
51,San Polo dei Cavalieri,Roma,Non MIBACT,,,,,,CASTELLO BARONALE ORSINI-CESI DI SAN POLO DEI CAVALIERI,via Santa Lucia; 4,-,-,10.0,774426133,774426249,amministrazione@energydi.it,-,42.009771,12.83867
52,Santa Marinella,Roma,Non MIBACT,OMR,,,PROUST,,museo civico ARCHEOLOGICO,VIA DEL CASTELLO DI SANTA SEVERA,Santa Severa,Castello di Santa Severa,50.0,766570077,766570077,muspyrgi@tiscali.it,-,42.017093,11.958993699999999
53,Palombara Sabina,Roma,Non MIBACT,,,,,,ABBAZIA DI 'SAN GIOVANNI IN ARGENTELLA',via San Giovanni in Argentella; 96,-,-,18.0,77466093,77466093,alessandrazielli@libero.it,-,42.055555,12.752177
54,Bracciano,Roma,Non MIBACT,,,,,,CASTELLO ODESCALCHI,PIAZZA MAZZINI; 14,-,-,62.0,699802379,699802380,castello@odescalchi.it,-,42.104242,12.17703
55,Capena,Roma,Non MIBACT,,,,,,museo civico TORRE DELL'OROLOGIO,PIAZZA SAN LUCA; 1,CAPENA,VIA MONTEBELLO,60.0,690376025,69074301,servizisociali@comunedicapena.it,www.comunedicapena.it,42.140007000000004,12.5400069
56,Fara in Sabina,Rieti,Non MIBACT,OMR,,,,,museo civico ARCHEOLOGICO DI FARA SABINA,PIAZZA DUOMO; 3,FARA SABINA,-,2032.0,7652779211,765277321,marialuisaagneni@virgilio.it,www.sabinideltevere.it,42.209457,12.728759
57,Toffia,Rieti,Non MIBACT,,,,,,MUSEO MARIA PETRUCCI,VIA DELLA ROCCA; 21,-,-,2039.0,765326248,765326248,petruccimaria@gmail.com,www.mariapetrucci.it,42.212187,12.752794999999999
58,Castelnuovo di Farfa,Rieti,Non MIBACT,OMR,,,MUSART,,MUSEO DELL'OLIO DELLA SABINA,VIA PERELLI; 1,-,PALAZZO PERELLI,2031.0,76536370,76536370,museoliosabina@libero.it,-,42.231967,12.742877
59,Barbarano Romano,Viterbo,Non MIBACT,,,,RESINA,,MUSEO ETRUSCO,PIAZZA SANT'ANGELO; 2,-,-,1010.0,761414531,-,-,-,42.251118,12.0663609
60,Civita Castellana,Viterbo,Non MIBACT,,,,,,COMUNE DI CIVITA CASTELLANA - MUSEO DELLA CERAMICA 'CASIMIRO MARCANTONI',VIA A. GRAMSCI 3,-,Ex Chiesa di San Giorgio,1033.0,7615901,761517253,comune.civitacastellana@legalmail.it,www.comune.civitacastellana.vt.it,42.288378,12.4153931
61,Borgo Velino,Rieti,Non MIBACT,,,,MUSART,,museo civico,PIAZZA UMBERTO I; 33,borgo velino,-,2010.0,746578896,746578525,comune.borgovelino@libero.it,-,42.405916,13.058259
62,Viterbo,Viterbo,Non MIBACT,OMR,,Sistema museale urbano di Viterbo,,,NUSEO DEL COLLE DEL DUOMO,PIAZZA S. LORENZO; 8A,-,-,1100.0,3477010187,-,museocolledelduomo@libero.it,www.museocolledelduomo.it,42.415647,12.101644
63,Antrodoco,Rieti,Non MIBACT,,,,,,MUSEO STORICO MILITARE ALPINI - FORZE ARMATE - ALPINO CAV. EMANUELE GALGANI,VIA DEL PONTE; 8,ANTRODOCO,PALAZZO BLASETTI,2013.0,0746-578185,0746-578623,culturaesport@comunediantrodoco.it,www.comunediantrodoco.it,42.417383,13.080082
64,Canino,Viterbo,MIBACT,,,,,,Museo Archeologico di Vulci,-,LocalitÃ‡Ã¿ Vulci,Castello dell'Abbadia,1011.0,0761 437787,0761 437787,sba-em@beniculturali.it,http://etruriameridionale.beniculturali.it,42.440952,11.6840589
65,Montefiascone,Viterbo,Non MIBACT,OMR,Sistema museale del lago di Bolsena,,MUSART,,Museo dell'architettura di Antonio da Sangallo il Giovane,piazza della Rocca,,Rocca dei papi,1027.0,0761 832060,0761 820884,museosangallo@comune.montefiascone.vt.it,,42.536852,12.027624900000001
66,Bagnoregio,Viterbo,Non MIBACT,,,,,,ASSOCIAZIONE STORICO CULTURALE 'PIERO TARUFFI',VIA FIDANZA; 55,BAGNOREGIO,-,1022.0,761780811,761780811,museotaruffi@libero.it,www.museotaruffi.it,42.626948999999996,12.0974162
67,Ventotene,Latina,Non MIBACT,OMR,,,RESINA,,museo della migrazione,,loc. il semaforo,,4020.0,0771 85275 / 340 5412447,,museoimigrazioneventotene@gmail.com,,40.798309700000004,13.432063699999999
68,Ponza,Latina,Non MIBACT,,,,,,MUSEO COMUNALE DI PONZA,VIA ROMA,Ponza,-,4027.0,77180108,771809718,-,www.comune.ponza.lt.it,40.8948998,12.9663529
69,Gaeta,Latina,Non MIBACT,,,,,,MUSEO DE CENTRO STORICO CULTURALE GAETA,via Annunziata; 7,GAETA,COMPLESSO SS. ANNUNZIATA,4024.0,771464293,-,centrostoricult@tiscali.it,-,41.2126028,13.580416399999999
70,San Felice Circeo,Latina,Non MIBACT,,,,,,MOSTRA PERMANENTE HOMO SAPIENS E HABITAT,PIAZZA LANZUISI; 1,SAN FELICE CIRCEO,C/O TORRE DEI TEMPLARI,4017.0,3477896233,-,zeiroberto@libero.it,www.fondazionemarcellozei.com,41.232826200000005,13.0884991
71,Terracina,Latina,Non MIBACT,OMR,,,PROUST,,museo civico ARCHEOLOGICO 'PIO CAPPONI',PIAZZA DEL MUNICIPIO; SNC,-,PALAZZO COMUNALE - TORRE FRUMENTARIA,4019.0,0773707313  07737072,773707278,direttoremuseo@comune.terracina.lt.it,-,41.2914632,13.248725899999998
72,Sabaudia,Latina,Non MIBACT,OMR,,,,,MUSEO DEL MARE E DELLA COSTA 'M. ZEI',PIAZZA VERBANIA; 1,Sabaudia,-,4016.0,773511340,773514258,museomarecosta@comune.sabaudia.latina.it,www.comune.sabaudia.latina.it,41.2983266,13.0297036
73,Sabaudia,Latina,Non MIBACT,,,,,,museo civico EMILIO GRECO,PIAZZA DEL COMUNE,Sabaudia,PALAZZO COMUNALE,4016.0,773514258,773518923,ufficiocultura@comune.sabaudia.latina.it,www.comune.sabaudia.latina.it,41.300312100000006,13.025636500000001
74,Sonnino,Latina,Non MIBACT,OMR,,,DEMOS,,MUSEO DELLE TERRE DI CONFINE,VIA GIACOMO ANTONELLI; 1,Sonnino,-,4010.0,329 8880509,773908600,museoterrediconfine@gmail.com,-,41.414700200000006,13.2402083
75,Latina,Latina,Non MIBACT,OMR,,,PROUST,,ANTIQUARIUM COMUNALE PROCOJO,STRADA FOCE VERDE; 53,BORGO SABOTINO,-,4100.0,773655060,773652640,musei@comune.latina.it,-,41.429073200000005,12.8210546
76,Anzio,Roma,Non MIBACT,OMR,,,PROUST,,museo civico ARCHEOLOGICO,VIA DI VILLA ADELE; 2,Anzio,Villa Adele,42.0,698499479,698499408,museoarcheologico@comune.anzio.roma.it,www.regione.lazio.it/musei/anzio/index.php,41.450351700000006,12.6302093
77,Nettuno,Roma,Non MIBACT,OMR,,,,,Antiquarium comunale,via Antonio Gramsci 5,,Forte Sangallo,48.0,06 98889553,,direttore.antiquarium@comune.nettuno.roma.it,http://beni-culturali.provincia.roma.it/content/museo-civico-antiquarium-comunale,41.4566239,12.656026400000002
78,Latina,Latina,Non MIBACT,OMR,,,MUSART,,GALLERIA CIVICA D'ARTE MODERNA E CONTEMPORANEA,VIA UMBERTO I; 39,-,PALAZZO DELLA CULTURA,4100.0,773652624,773652640,musei@comune.latina.it,-,41.4632735,12.9056386
79,Latina,Latina,Non MIBACT,,,,MUSART,,MUSEO 'M. VALERIANI' DELLA NUMISMATICA; DELLA MEDAGLIA; DELLA GRAFICA INCISA E DELLA FOTOGRAFIA,VIA UMBERTO I; 39/41,-,PALAZZO DELLA CULTURA,4100.0,773652633,773652640,musei@comune.latina.it,-,41.4632735,12.9056386
80,Vallecorsa,Frosinone,Non MIBACT,,,,DEMOS,,MUSEO DEMOETNOANTROPOLOGICO,VIA G. MARCONI; 1,-,Chiesa Sant'Antonio,3020.0,775679017,775679867,vallecorsa@libero.it,-,41.4656446,13.336519199999998
81,Latina,Latina,Non MIBACT,,,,,,MUSEO DELLA TERRA PONTINA,PIAZZA DEL QUADRATO 24,-,c/o Palazzo ex ONC.,4100.0,773400088,773400088,museo.terrapontina@hotmail.it,-,41.466362700000005,12.8986859
82,Pastena,Frosinone,Non MIBACT,,,,DEMOS,,MUSEO DELLA CIVILTA' CONTADINA E DELL'ULIVO,VIA PORTA NAPOLI; SNC,Pastena,-,3020.0,776546006,776546261,museo@museodipastena.it,www.museodipastena.it,41.46718320000001,13.4909669
83,Priverno,Latina,Non MIBACT,OMR,Sistema dei Monti Lepini,Sistema museale urbano di Priverno,PROUST,,museo civico ARCHEOLOGICO,Piazza Giovanni XXIII,Priverno,Palazzo Valeriani Guarini,4015.0,773905065,773905065,musarchpriverno@libero.it,-,41.47356129999999,13.181761199999999
84,Cassino,Frosinone,Non MIBACT,,,,,,MUSEO MULTIMEDIALE HISTORIALE DI CASSINO,VIA SAN MARCO 23,Cassino,-,3043.0,776313852,77622996,info@museohistoriale.org,www.museohistoriale.org,41.4838568,13.828682999999998
85,Cervaro,Frosinone,Non MIBACT,,,,,,MUSEO DELL'ARTE ORAFA,PIAZZA COLLE; 1,-,-,3044.0,776367001,776366354,servizisociali@comune.cervaro.sr.it,www.comune.cervaro.fr.it,41.4893784,13.882477100000001
86,Cassino,Frosinone,Non MIBACT,OMR,,,,,Museo dell'Abbazia di Montecassino,,via Montecassino,Abbazia di Montecassino,3043.0,0776 311529,,info@abbaziamontecassino.org,www.abbaziamontecassino.org,41.4907889,13.833377599999999
87,Sezze,Latina,Non MIBACT,OMR,,,MUSART,,Museo diocesano,,Palazzo dei Canonici,,4018.0,0773 886358 - 0773 6986105,,archiviocapitolare@libero.it,,41.4994158,13.0617578
88,Castro dei Volsci,Frosinone,Non MIBACT,,,,,,museo civico ARCHEOLOGICO,VIA ANTONINO CARNEVALE 24,MADONNA DEL PIANO,edificio unico ed autonomo,3020.0,775686829,775610128,museo_archeo@libero.it,-,41.5155229,13.402265599999998
89,Sermoneta,Latina,Non MIBACT,,,,,,MUSEO DELLA STORIA DELLA CERAMICA,CORSO GARIBALDI,-,PALAZZO CAETANI,4013.0,77330151,77330010,sermonetacultura@virgilio.it,-,41.548769899999996,12.9868556
90,Colle San Magno,Frosinone,Non MIBACT,OMR,,,,,museo vivo della memoria,via Roma 66,,,3030.0,0776 560051,,museovivodellamemoria@gmail.com,www.museovivodellamemoria.it/,41.5513756,13.6955016
91,Norma,Latina,Non MIBACT,,,,,,MUSEO DEL CIOCCOLATO 'ANTICA NORBA',via Capo dell'Acqua; 17,-,-,4010.0,773354548,773353997,info@museodelcioccolato.com,www.museodelcioccolato.com,41.595353100000004,12.975852699999999
92,Ripi,Frosinone,Non MIBACT,OMR,,,RESINA,,museo dell'energia,via Merigo Alto,ex mattatoio e lavatoio sec. XIX,,3027.0,0775 285160,,museoenergia.direttore@gmail.com,,41.6080872,13.419391899999999
93,Arpino,Frosinone,Non MIBACT,,,,,,MUSEO DELLA LIUTERIA 'EMBERGHER-CERRONE',CORSO TULLIANO; 49,ARPINO,PALAZZO FELLUCA-MEROLLE,3033.0,776849241,776848535,museiciviciarpino@libero.it,www.arpinoturismo.it,41.6475549,13.611157
94,Arpino,Frosinone,Non MIBACT,OMR,,,,,Museo della Fondazione Æ’??Umberto MastroianniÆ’?ï¿½,,piazza Caduti dell'aria,Castello Ladislao,3033.0,0776 848105,,info@fondazionemastroianni,www.fondazionemastroianni.it,41.649254299999996,13.6246954
95,Atina,Frosinone,Non MIBACT,OMR,,,MUSART,,AcadÃ‡Â¸mie Vitti,via Sode; 180,loc. Ponte Melfa,casa dove vissero Maria e Giacinta Caira e Cesare Vitti,3042.0,0775 211417 - 398 8168855,,cesare.erario@libero.it,www.ciceroneweb.it,41.6571779,13.7389366
96,Veroli,Frosinone,Non MIBACT,OMR,,,PROUST,,MUSEO DELL'ABBAZIA DI CASAMARI,via MÃ‡Ã¿ria; 25,Casamari,Abbazia di Casamari,3029.0,0775-282371,0775-281020,info@abbaziadicasamari.it  mariaromanapicuti@alice.it,www.casamari.it,41.6677667,13.4365449
97,Lanuvio,Roma,Non MIBACT,OMR,Sistema museale dei Castelli romani e prenestini MUSEUMGRANDTOUR,,PROUST,,museo civico LANUVINO,PIAZZA DELLA MADDALENA; 16,Lanuvio,Piano terra del Palazzo Comunale,40.0,693789237,693789229,cultura@lanuvio.comnet.roma.it,-,41.6759901,12.69766
98,Velletri,Roma,Non MIBACT,OMR,,Sistema museale urbano di Velletri,PROUST,,museo civico DI GEOPALEONTOLOGIA E PREISTORIA DEI COLLI ALBANI,VIA G. MAMELI; 4,Velletri,palazzo comunale,49.0,696158268,696158239,museo.civico@comune.velletri.rm.it,www.velletrimusei.it,41.6861964,12.7770369
99,Veroli,Frosinone,Non MIBACT,,,,,,MUSEO DELLE ERBE DEI MONTI ERNICI,PIAZZA MAZZOLI; 10,-,-,3029.0,775237081,775230914,segreteria.veroli@libero.it,www.comune.veroli.fr.it,41.6907002,13.4178082
100,Veroli,Frosinone,Non MIBACT,,,,,,MUSEO  DEL DUOMO,piazza Duomo; 3,-,-,3029.0,775237020,775237020,giup64@infinito.it,-,41.6909908,13.4176301
101,San Donato Val di Comino,Frosinone,Non MIBACT,,,,,,MUSEO GEOLOGICO TERRITORIALE,VIA ROMA; 3,-,-,3046.0,776508701,776508918,info@comune.sandonatovaldicomino.fr.it,-,41.706826899999996,13.813978
102,Colleferro,Roma,Non MIBACT,OMR,,,PROUST,,MUSEO ARCHEOLOGICO DEL TERRITORIO TOLERIENSE,VIA CARPINETANA SUD; 144,Colleferro,-,34.0,69781169,69781169,museo@comune.colleferro.rm.it,-,41.7219513,13.0115765
103,Albano Laziale,Roma,Non MIBACT,OMR,Sistema museale dei Castelli romani e prenestini MUSEUMGRANDTOUR,,,,museo civico- ARCHEOLOGICO DI VILLA FERRAIOLI,VIALE RISORGIMENTO; 3,Albano,VILLA FERRAIOLI,41.0,69323490,69325759,museo@comune.albanolaziale.rm.it,-,41.7268192,12.661449800000002
104,Artena,Roma,Non MIBACT,OMR,,,,,Museo del Collegio francescano,via del Convento 83,,Convento di Santa Maria del GesÃ‡Ã»,31.0,06 951911,06 9519408,info@convento-francescano-artena.it,http://beni-culturali.provincia.roma.it/content/museo-del-collegio-francescano-santa-maria-del-ges%C3%B9,41.739098600000005,12.907743400000001
105,Artena,Roma,Non MIBACT,,,,,,museo civico ARCHEOLOGICO 'R.LAMRECHTS',VIA FLEMING; 20,-,GRANAIO BORGHESE,31.0,0695199051-95191074,69515119,servizio3@comune.artena.rm.it,www.comune.artena.rm.it,41.742762799999994,12.9113366
106,Roma,Roma,MIBACT,,,,,,Castello di Giulio II,Piazza della Rocca,Borgo - Ostia Antica,-,119.0,-,-,-,-,41.7596893,12.3014406
107,Rocca di Papa,Roma,Non MIBACT,OMR,Sistema museale dei Castelli romani e prenestini MUSEUMGRANDTOUR,,RESINA,,MUSEO GEOFISICO,VIA DELL'OSSERVATORIO; 42,Rocca di Papa,Osservatorio geodinamico,40.0,69496230,69496230,museoroccadipapa@ingv.it,-,41.759879299999994,12.7100771
108,Roma,Roma,MIBACT,,,,,,Scavi di Ostia Antica e Museo,Viale dei Romagnoli; 717,Ostia Antica,-,119.0,06 56358099,06 5651500,ssba-rm.osan@beniculturali.it,-,41.7605709,12.3029256
109,Fiumicino,Roma,MIBACT,,,,,,Basilica di S. Ippolito e annesso Antiquarium,Via Redipuglia,Angolo Col Moschin - Isola Sacra - Fiumicino,-,54.0,656358043,65651500,-,-,41.76978270000001,12.268536300000001
110,Fiumicino,Roma,MIBACT,,,,,,Area Archeologica del Porto di Traiano,Via Portuense,-,-,54.0,66529192,-,-,-,41.7742693,12.2517063
111,Valmontone,Roma,Non MIBACT,OMR,Sistema museale dei Castelli romani e prenestini MUSEUMGRANDTOUR,,,,MUSEO DI PALAZZO DORIA PAMPHILJ,PIAZZA UMBERTO PILOZZI; 9,-,Palazzo Doria Pamphilj,38.0,695990229,-,cultura@comune.valmontone.rm.gov.it,-,41.776190899999996,12.9184242
112,Roma,Roma,MIBACT,,,,,,Museo Nazionale Romano - Terme di Diocleziano,Vie E. De Nicola,Stazione Termini,-,185.0,6477881,64814190,rosanna.friggeri@beniculturali.it,www.archeoroma.beniculturali.it,41.7762721,12.612344300000002
113,Palestrina,Roma,Non MIBACT,OMR,Sistema museale dei Castelli romani e prenestini MUSEUMGRANDTOUR,,,,MUSEO DIOCESANO PRENESTINO DI ARTE SACRA,VIA ROMA; 23,-,-,36.0,69534428,69538116,museodiocesano@diocesipalestrina.it,-,41.7894554,12.8802041
114,Frascati,Roma,Non MIBACT,OMR,,,,,MUSEO ETIOPICO G. MASSAIA,VIA CARDINALE MASSAIA; 26,-,CONVENTO DEI CAPPUCCINI,44.0,694010439,-,prorivi@in.it  capfras@osmcap.org,-,41.804533500000005,12.6838738
115,Frascati,Roma,Non MIBACT,OMR,Sistema museale dei Castelli romani e prenestini MUSEUMGRANDTOUR,,,,MUSEO TUSCOLANO - SCUDERIE ALDOBRANDINI,PIAZZA GUGLIELMO MARCONI; 6,-,-,44.0,69417195,69417195,eventi@comune.frascati.rm.it,www.scuderiealdobrandini.org,41.8060816,12.680226
116,Monte Porzio Catone,Roma,Non MIBACT,,,,,,INAF - OSSERVATORIO ASTRONOMICO DI ROMA,VIA FRASCATI; 33,Monte Porzio Catone,C/o Osservatorio Astronomico,40.0,694286427,69449446,diva@oa-roma.inaf.it,www.webdiva2.oa-roma.inaf.it,41.8132765,12.7067238
117,Monte Porzio Catone,Roma,Non MIBACT,OMR,Sistema museale dei Castelli romani e prenestini MUSEUMGRANDTOUR,Sistema museale urbano di Monte Porzio Catone,PROUST,,MUSEO DELLA CITTA',VIA SIMONE POMARDI; 1,monte porzio catone,c/o Chiesa,40.0,694341031,69447471,musei@comune.monteporziocatone.rm.it,www.comune.monteporziocatone.rm.it,41.81555170000001,12.713924699999998
118,CittÃ‡Ã¿ di Cave,Roma,Non MIBACT,OMR,Sistema PRE.GIO,,,,museo civico Æ’??CittÃ‡Ã¿ di CaveÆ’?ï¿½,via Cavour 27,,ex Ospedale Mattei Æ’?? ex Convento degli Agostiniani,33.0,347 5438042,,museocivicocave@gmail.com,www.comune.cave.rm.it/joomla/index.php?option=com_content&view=article&id=106&Itemid=207&lang=it,41.8175809,12.9296593
119,Roma,Roma,Non MIBACT,,,,,,SOCIETA' DI STUDI FIUMANI,VIA ANTONIO CIPPICO; 10,,-,143.0,65923485,65915755,info@fiume-rijeka.it,www.fiume-rijeka.it,41.8209437,12.4816416
120,Giuliano di Roma,Roma,Non MIBACT,OMR,,,RESINA,,museo del vulcanismo Ernico MUVE,via San Tommaso,,Palazzo Brettagna,3020.0,,,,,41.8229064,12.5083767
121,San Cesareo,Roma,Non MIBACT,OMR,Sistema museale dei Castelli romani e prenestini MUSEUMGRANDTOUR,,,,FERROVIA - MUSEO DELLA STAZIONE DI COLONNA,VIA CASILINA; 17,San Cesareo,ex stazione di Colonna,30.0,69439290,694730008,stazionecolonna@alice.it,www.ferroviamuseo-colonna.it,41.8240697,12.8108383
122,Roma,Roma,MIBACT,,,,,,Villa dei Quintili,Via Appia Nuova; 1092,Statuario,Area archeologica estesa tra Via Appia Nuova e Via Appia Antica,178.0,67129121,671291230,SSBA-rm.villadeiquintili@beniculturali.it,htpp://www.archeoroma.beniculturali.it,41.830827899999996,12.5555566
123,Roma,Roma,Non MIBACT,OMR,,Sistema Musei in Comune,,,Museo della civiltÃ‡Ã¿ romana,piazza Giovanni Agnelli; 10,-,Palazzo storico,144.0,65926041,65926135,info.museociviltaromana@comune.roma.it,www.museociviltaromana.org,41.8314198,12.477854800000001
124,Roma,Roma,MIBACT,,,,,,Museo nazionale dell'Alto Medioevo,Viale Lincoln; 3,-,-,144.0,654228199,06 54228130,ssba-rm.ostia.medioevo@beniculturali.it,-,41.8326346,12.472430000000001
125,Palestrina,Roma,Non MIBACT,,,,,,FONDAZIONE GIOVANNI PIERLUIGI DA PALESTRINA,VICOLO PIERLUIGI; 3,-,-,36.0,69538083,69538083,fond.palestrina@tiscalinet.it,-,41.83940870000001,12.889351
126,Genazzano,Roma,Non MIBACT,OMR,Sistema museale dei Castelli romani e prenestini,,MUSART,,Centro internazionale d'arte contemporanea CIAC,piazza San Nicola; 4,,Castello Colonna,30.0,,,info@ciacmuseum.com,www.ciacmuseum.com,41.8458692,12.945314300000001
127,Castel San Pietro,Roma,Non MIBACT,OMR,Sistema PRE.GIO,,,,museo civico,piazza Vittorio Veneto,,Palazzo Mocci,30.0,06 9538481,06 9538481,ilbetilo@tiscali.it,http://beni-culturali.provincia.roma.it/content/museo-civico-di-castel-san-pietro,41.8464775,12.8943829
128,Palestrina,Roma,Non MIBACT,,,,,,MUSEO DELLA RESISTENZA E DEGLI UNDICI MARTIRI,via Vigesimo,Vigesimo Via Pedemontana,-,36.0,069573176  0695302272-271,-,info@comune.palestrina.rm.it,www.comune.palestrina.rm.it,41.8465578,12.8615344
129,Roma,Roma,MIBACT,,,,,,Tomba di Cecilia Metella,Via Appia Antica; 161,-,Tomba di Cecilia Metella nel Castrum Caetani,179.0,67844271,678442730,-,htpp://www.archeoroma.beniculturali.it,41.85211279999999,12.5209185
130,Roma,Roma,Non MIBACT,,,,,,MUSEO DELLE ORIGINI,PIAZZALE A. MORO; 5,Roma,FACOLTA' DI LETTERE,185.0,649913924,649913653,musori@rmcisadu.let.uniroma1.it,www.musei.uniroma1.it/museodelleorigini/index.html,41.8573198,12.5015354
131,Roma,Roma,Non MIBACT,,,,,,MAUSOLEO DELLE FOSSE ARDEATINE,VIA ARDEATINA NR. 174,Roma,-,179.0,65136742,65136742,mausoleofosseardeatine@onorcaduti.difesa.it,-,41.8583554,12.5089148
132,Capranica Prenestina,Roma,Non MIBACT,OMR,Sistema PRE.GIO,,RESINA,,museo civico NATURALISTICO DEI MONTI PRENESTINI,PIAZZA ARISTIDE FREZZA; 6,-,PALAZZO BARBERINI,30.0,69584126,69584337,museo@comunecapranica.it,www.comunecapranica.it,41.8621223,12.9521942
133,Roma,Roma,Non MIBACT,OMR,,Sistema Musei in Comune,,,MUSEI CAPITOLINI; CENTRALE MONTEMARTINI,VIA OSTIENSE; 106,Ex centrale termoelettrica Giovanni Montemartini,COMPLESSO INDUSTRIALE,154.0,65748042,65754207,info.centrale.montemartini@comune.roma.it,www.centralemontemartini.org,41.8670298,12.478986500000001
134,Roma,Roma,Non MIBACT,,,Sistema Musei in Comune,,,MUSEO DELLE MURA DI ROMA,via di Porta San Sebastiano; 18,-,Porta S. Sebastiano,179.0,670475284,670475284,museomura@zetema.it,www.museiincomune.it,41.8734634,12.501408099999999
135,Roma,Roma,MIBACT,,,,,,Museo della Via Ostiense,Via R. Persichetti; 3,Porta San Paolo,-,154.0,-,-,-,-,41.8767871,12.480911099999998
136,Roma,Roma,MIBACT,,,,,,Terme di Caracalla,Via delle Terme di Caracalla; 52,-,-,153.0,657174520,657174530,ssba-rm.termecaracalla@beniculturali.it,www.archeoroma.it,41.8800969,12.496205900000001
137,Roma,Roma,Non MIBACT,,,,,,MUSEO STORICO DIDATTICO DI GIOCHI E GIOCATTOLI DEL '900 'LA MEMORIA GIOCOSA',via Vincenzo Coranelli; 26/a,Quartiere Pigneto,-,176.0,621700782,621700782,memoriagiocosa@libero.it,-,41.8851401,12.5336038
138,Roma,Roma,MIBACT,,,,,,Foro Romano e Palatino,Largo Romolo e Remo,Roma,-,185.0,6699841,66787689,ssba-rm@beniculturali.it,www.archeoroma.beniculturali.it,41.885739799999996,12.4848582
139,Roma,Roma,Non MIBACT,,,,,,CASE ROMANE DEL CELIO,CLIVO DI SCAURO,-,SOTTOSTANTI LA BASILICA DEI SS. GIOVANNI E PAOLO,184.0,06-70454544,06-77201975,info@caseromane.it,www.caseromane.it,41.8864735,12.490630099999999
140,Roma,Roma,Non MIBACT,,,,,,MAUSOLEO OSSARIO GARIBALDINO,VIA GARIBALDI; 29/E,,-,153.0,667103407,667103833,francesca.bertozzi@comune.roma.it,-,41.8881886,12.4656043
141,Roma,Roma,Non MIBACT,,,,,,MUSEO STORICO DELLA LIBERAZIONE,VIA TASSO; 145,-,-,185.0,67003866,677203514,info@museoliberazione.it,-,41.8887375,12.5064312
142,Roma,Roma,Non MIBACT,,,,,,MUSEO STORICO DELLA FANTERIA,PIAZZA S. CROCE IN GERUSALEMME; 9,-,-,185.0,67027971,67027971,urp@persomil.difesa.it  museo_fanteria@esercito.difesa.it,-,41.88891339999999,12.5141899
143,Roma,Roma,MIBACT,,,,,,Museo Nazionale degli Strumenti Musicali,Piazza Santa Croce in Gerusalemme; 9/a,-,-,185.0,67014796,67029862,-,-,41.88891339999999,12.5141899
144,Roma,Roma,Non MIBACT,OMR,,,,,Museo di Villa Vecchia in Villa Doria Pamphilj,via Aurelia antica 183,,Villa Doria Pamphilj,183.0,06 39376616,06 39380994,,www.060608.it/it/cultura-e-svago/beni-culturali/musei/museo-di-villa-vecchia-villa-doria-pamphilj.html,41.8890951,12.4450986
145,Roma,Roma,Non MIBACT,,,,,,MUSEO STORICO GRANATIERI DI SARDEGNA,PIAZZA SANTA CROCE IN GERUSALEMME  7,-,Palazzina,185.0,67028287,-,museostoricogranatieri@gmail.com,-,41.889095899999994,12.5155061
146,Roma,Roma,Non MIBACT,OMR,,Sistema Musei in Comune,DEMOS,,MUSEO DI ROMA IN TRASTEVERE,PIAZZA SANT'EGIDIO; 1/B,Convento carmelitano di Sant'Egidio,-,153.0,65899359,65884165,museodiroma.trastevere@comune.roma.it,-,41.889860600000006,12.468701800000002
147,Roma,Roma,MIBACT,,,,,,Anfiteatro Flavio (Colosseo),Piazza del Colosseo,-,-,184.0,677400920,677400930,ssba-rm.colosseo@beniculturali.it,htpp//:archeoroma.beniculturali.it,41.8899272,12.4941978
148,Roma,Roma,Non MIBACT,,,,,,MUSEO DI IDRAULICA,VIA EUDOSSIANA; 20,Roma,FacoltÃ‡Ã¿ di Ingeneria - UniversitÃ‡Ã¿ di Roma La Sapienza,184.0,644585084,644585094,marco.marchetti@uniroma1.it,www.musei.uniroma1.it/informamuseonew.asp?id=20,41.8927234,12.4926794
149,Roma,Roma,MIBACT,,,,,,Galleria Nazionale d'Arte Antica in Palazzo Corsini,Via della Lungara; 10,-,Palazzo Corsini,165.0,668802323,668133192,sspsae-rm.galleriacorsini@beniculturali.it,www.galleriacorsini@beniculturali.it,41.89324179999999,12.4669323
150,Roma,Roma,Non MIBACT,,,,,,VILLA FARNESINA,VIA DELLA LUNGARA; 230,-,-,165.0,668027268,668027397,farnesina@lincei.it  lapenta@lincei.it,www.villafarnesina.it,41.8932984,12.467066099999998
151,Roma,Roma,Non MIBACT,,,,,,MUSEO TIPOLOGICO INTERNAZIONALE DEL PRESEPIO 'ANGELO STEFANUCCI',VIA TOR DE' CONTI; 31/A,,C/O CHIESA SS.QUIRICO E GIULITTA,184.0,66796146,669789602,informazione@presepio.it,www.presepio.it,41.8937488,12.4878893
152,Roma,Roma,Non MIBACT,,,,,,MUSEO CENTRALE DEL RISORGIMENTO,VIA S. PIETRO IN CARCERE,,COMPLESSO DEL VITTORIANO,186.0,66793598,66782572,ist.risorgimento@tiscali.it,www.risorgimento.it,41.89375220000001,12.4842507
153,Roma,Roma,MIBACT,,,,,x,Galleria Spada,Piazza Capo di Ferro; 13,-,Palazzo Spada,186.0,66861158,66861158,-,-,41.8943769,12.4718126
154,Roma,Roma,Non MIBACT,OMR,,Sistema Musei in Comune,,,MUSEO DEI FORI IMPERIALI NEI MERCATI DI TRAIANO,via IV novembre; 94,-,Palazzo storico e complesso archeologico,187.0,669941020,669780532,info@mercatiditraiano.it,www.mercatiditraiano.it,41.8961387,12.4856164
155,Roma,Roma,MIBACT,,,,,,Museo Nazionale del Palazzo di Venezia,Via del Plebiscito; 118,Rione Pigna,Palazzo,186.0,669994284,669994394,sspsae-rm.mpv@beniculturali.it,www.museopalazzovenezia.beniculturali.it,41.8964079,12.4810964
156,Roma,Roma,Non MIBACT,OMR,,Sistema Musei in Comune,,,MUSEO DI SCULTURA ANTICA  GIOVANNI BARRACCO,CORSO VITTORIO EMANUELE II; 166A,Farnesina ai Bauellari,Palazzo storico,186.0,668806848,668806848,info.museobarracco@comune.roma.it,www.museobarracco.it,41.896804100000004,12.4727295
157,Roma,Roma,Non MIBACT,,,,,,GALLERIA DORIA PAMPHILJ,VIA DEL CORSO; 305,Rione Monti,Palazzo Doria Pamphilj,186.0,66797323,66780939,arti.rm@doriapamphilj.it,www.dopart.it,41.8974917,12.4814574
158,Roma,Roma,Non MIBACT,OMR,,Sistema Musei in Comune,,,MUSEO DI ROMA,PIAZZA S.PANTALEO; 10,palazzo Braschi,PALAZZO BRASCHI,187.0,667108312,667108303,museodiroma@comune.roma.it,www.museodiroma.it,41.8975547,12.4727273
159,Roma,Roma,Non MIBACT,OMR,,,,,MUSEO DELLE CERE,PIAZZA SANTI APOSTOLI; 68A,,-,187.0,66796482,66796482,museodellecere.roma@lice.it,www.museodellecereroma.com,41.8976424,12.4832809
160,Roma,Roma,Non MIBACT,OMR,,,,,MUSEO DEL TEATRO ARGENTINA,PIAZZA ARGENTINA; 52,LARGO DI TORRE ARGENTINA,-,186.0,667106017,667103833,tania.renzi@comune.roma.it,-,41.8976915,12.4763656
161,Roma,Roma,Non MIBACT,,,,,,CASINO DELL'AURORA,VIA XXIV MAGGIO; 43,Roma,PALAZZO PALLAVICINI,187.0,683467000,683467070,aurorapallavicini@saita.it,www.casinoaurorapallavicini.it,41.8982771,12.488022
162,Roma,Roma,Non MIBACT,,,,,,MUSEO DELL'ORDINE DEI CHIERICI REGOLARI MINISTRI DEGLI INFERMI CAMILLIANI,PIAZZA DELLA MADDALENA; 53,-,-,186.0,6899281,689928133,agmi@camilliani.org  e.martinez@tiscali.it,www.camilliani.org,41.9001131,12.476685400000001
163,Roma,Roma,Non MIBACT,,,,,,MUSEO DONAZIONE UMBERTO MASTROIANNI,PIAZZA SAN SALVATORE IN LAURO; 15,-,Musei di San Salvatore in Lauro,186.0,66865493,66892109,redazione@ilcigno.org,-,41.9008464,12.4693138
164,Roma,Roma,MIBACT,,,,,,Palazzo Altemps,Piazza di Sant'Apollinare; 46,-,-,186.0,6684851,66897091,ssba-rm.palazzoaltemps@beniculturali.it,http://archeoroma.beniculturali.it,41.9012314,12.472857699999999
165,Roma,Roma,Non MIBACT,,,,,,COMPLESSO MONUMENTALE S. SPIRITO IN SAXIA,BORGO S. SPIRITO; 3,-,-,193.0,668352449,668352470,lancisiana@asl-rme.it,www.regione.lazio.it/biblioteche/lancisianaroma/,41.901442200000005,12.4614773
166,Roma,Roma,MIBACT,,,,,,Istituto Nazionale per la Grafica,Via della Stamperia; 6,-,Fontana di Trevi,187.0,669980238,669921474,in-g.ufficiostampa@beniculturali.it,www.grafica.beniculturali.it,41.90153970000001,12.4834857
167,Roma,Roma,Non MIBACT,OMR,,Sistema Musei in Comune,,,MUSEO NAPOLEONICO,PIAZZA DI PONTE UMBERTO I; 1,-,PALAZZO PRIMOLI,186.0,06-68806286,-,napoleonico@comune.roma.it,www.museonapoleonico.it,41.9016682,12.4721688
168,Roma,Roma,MIBACT,,,,,,Museo Nazionale Romano - Palazzo Massimo alle Terme,Largo di Villa Peretti; 1,-,-,185.0,06 48020,06 4815563,-,http://archeoroma.beniculturali.it/musei/museo-nazionale-romano-palazzo-massimo,41.9017823,12.498107800000001
169,Roma,Roma,MIBACT,,,,,x,Museo Mario Praz,Via Zanardelli; 1,-,-,186.0,06 6861089,06 6861089,museopraz@museopraz.191.it,www.museopraz.beniculturali.it,41.901886100000006,12.4718246
170,Roma,Roma,Non MIBACT,,,,,,MUSEO STORICO DELLA DIDATTICA 'MAURO LAENG',VIA MILAZZO 11 B,Roma,FACOLTA' SCIENZE DELLA FORMAZIONE; UNIVERSITA' ROMA 3,185.0,657339117,-,mus.did@uniroma3.it,www.host.uniroma3.it/laboratori/museodidattica,41.9021453,12.5043954
171,Roma,Roma,MIBACT,,,,,,Museo Nazionale di Castel Sant'Angelo,Lungotevere Castello,-,-,193.0,66819111,668191196,sspsae-rm.santangelo@beniculturali.it,www.castelsantangelo.beniculturali.it,41.9024896,12.4659238
172,Roma,Roma,MIBACT,,,,,,Galleria Nazionale d'Arte Antica in Palazzo Barberini,Via Quattro Fontane; 13,-,Palazzo Barberini,184.0,64824184,64880560,spsae-rm.gnaa@beniculturali.it,http://galleriabarberini.it,41.9025415,12.4897285
173,Roma,Roma,Non MIBACT,,,,,,MUSEO ERBARIO DIPARTIMENTO DI BIOLOGIA AMBIENTALE,PIAZZALE ALDO MORO; 5,Roma,"C/O UNIVERSITÃ‡? DI ROMA ""SAPIENZA""",185.0,649912410,649912409,erbario@uniroma1.it,www.musei.uniroma1.it/erbario/index.html,41.9033594,12.515426
174,Roma,Roma,Non MIBACT,,,,,,MUSEO DI PALEONTOLOGIA,PIAZZALE ALDO MORO; 5,CittÃ‡Ã¿ universitaria,C/O DIPARTIMENTO DI SCIENZE DELLA TERRA,185.0,649914315,06 4454729,museo.paleo@uniroma1.it,www.dst.uniroma1.it/musei/museo_paleontologia/index.htm,41.9033594,12.515426
175,Roma,Roma,Non MIBACT,,,,,,MUSEO DI FISICA,PIAZZALE ALDO MORO; 5,"UniversitÃ‡Ã¿ di Roma ""la Sapienza""",UNIVERSITA' DEGLI STUDI LA SAPIENZA; DIPARTIMENTO DI FISICA,185.0,649914334,64957697,fabio.sebastiani@roma1.infn.it,www.phys.uniroma1.it/dipweb/museo/home.htm,41.9033594,12.515426
176,Roma,Roma,Non MIBACT,,,,,,MUSEO DI ZOOLOGIA DELL'UNIVERSITA' 'LA SAPIENZA',PIAZZALE ALDO MORO; 5,"UniversitÃ‡Ã¿ di Roma ""la Sapienza""",CITTA' UNIVERSITARIA,185.0,649914742,64958259,augusto.vignataglianti@uniroma1.it,-,41.9033594,12.515426
177,Roma,Roma,Non MIBACT,,,,,,MUSEO DI GEOLOGIA,PIAZZALE ALDO MORO; 5,"UniversitÃ‡Ã¿ di Roma ""la Sapienza""",C/O DIPARTIMENTO DI SCIENZE DELLA TERRA,185.0,649914825,64463068,museo.geologia@uniroma1.it,www.tetide.geo.uniroma1.it/musei/museo_geologia/index.htm,41.9033594,12.515426
178,Roma,Roma,Non MIBACT,,,,,,MUSEO DI MINERALOGIA,PIAZZALE ALDO MORO;5,"UniversitÃ‡Ã¿ di Roma ""la Sapienza""",DIPARTIMENTO SCIENZE DELLA TERRA,185.0,649914887,64454729,musmin.roma@uniroma1.it,www.musmin.geo.uniroma1.it,41.9033594,12.515426
179,Roma,Roma,Non MIBACT,,,,,,MUSEO DELL'ARTE CLASSICA (GIPSOTECA),piazzale Aldo Moro; 5,-,EDIFICIO EX FACOLTA' LETTERE; UNIVERSITA' DI ROMA 'LA SAPIENZA',185.0,649913960,649913955,mariagrazia.picozzi@uniroma1.it,-,41.9033594,12.515426
180,Roma,Roma,Non MIBACT,OMR,,Sistema Musei in Comune,,,GALLERIA D'ARTE MODERNA DI ROMA CAPITALE,via Francesco Crispi; 24,Roma,c/o ex Convento Carmelitane Scalze (sec. XVIII),187.0,06-4742848,06-4742912,info@galleriaartemodernaroma.it,www.galleriaartemodernaroma.it,41.9038672,12.4858498
181,Roma,Roma,Non MIBACT,OMR,,,,x,CASA MUSEO GIORGIO DE CHIRICO,PIAZZA DI SPAGNA; 31,palazzetto dei Borgononi,PALAZZETTO DEI BORGOGNONI,187.0,66796546,66796546,museum@fondazionedechirico.org,www.fondazionedechirico.org,41.9056142,12.4827002
182,Roma,Roma,Non MIBACT,OMR,,,,x,KEATS-SHELLEY HOUSE,PIAZZA DI SPAGNA 26,,-,187.0,66784235,66784167,info@keats-shelley-house.org,www.keats-shelley-house.org,41.90575379999999,12.4825272
183,Roma,Roma,Non MIBACT,,,,,,MUSEO STORICO DELL'ARMA DEI CARABINIERI,PIAZZA RISORGIMENTO N. 46,-,-,192.0,66896696,66896696,cgmuseodir@carabinieri.it,www.carabinieri.it,41.906259399999996,12.4591306
184,Roma,Roma,Non MIBACT,,,,,,MUSEO DI ANATOMIA COMPARATA,VIA ALFONSO BORELLI; 50,"UniversitÃ‡Ã¿ di Roma ""la Sapienza""","C/O UNIVERSITA' DEGLI STUDI LA SAPIENZA; DIPARTIMENTO DI BIOLOGIA E BIOTECNOLOGIE ""C. DARWIN"" SEDE DI ANATOMI",161.0,649918009,64457516,luciana.sola@uniroma1.it,-,41.906419899999996,12.515730099999999
185,Roma,Roma,Non MIBACT,,,,,,MUSEO DI ANATOMIA PATOLOGICA,VIALE REGINA ELENA; 324,Roma,DIPARTIMENTO DI MEDICINA SPERIMENTALE POLICLINICO UMBERTO I,161.0,64461484,64461484,pietro.gallo@uniroma1.it,www.musei.uniroma1.it/anatomiapatologica/index.html,41.9072432,12.513499900000001
186,Pisoniano,Roma,Non MIBACT,OMR,Sistema PRE.GIO,,,,museo della canapa,via Santa Maria 27,,,20.0,0774 411316,,,www.pisoniano.rm.gov.it/servizi/musei/museo-della-canapa,41.9080287,12.957783300000001
187,Roma,Roma,MIBACT,,,,,x,Museo Boncompagni Ludovisi per le Arti Decorative; Costume e Moda,Via Boncompagni; 18,-,-,187.0,06 42824074,06 42824074,s-gnam.museoboncompagni@beniculturali.it,-,41.9087464,12.4952171
188,Roma,Roma,Non MIBACT,OMR,,,,x,CASA DI GOETHE,VIA DEL CORSO; 18,Roma,Palazzo Bracci,186.0,632650412,632650449,info@casadigoethe.it,www.casadigoethe.it,41.9090106,12.4771781
189,Roma,Roma,Non MIBACT,OMR,,Sistema Musei in Comune,,,MUSEO D'ARTE CONTEMPORANEA ROMA,VIA REGGIO EMILIA; 54,Ex Convento delle Carmelitane scalze a San Giuseppe a Capo le case,-,198.0,6671070400,68554090,macro@comune.roma.it,www.museomacro.org,41.9127277,12.502442199999999
190,Roma,Roma,Non MIBACT,OMR,,Sistema Musei in Comune,,,MUSEI DI VILLA TORLONIA; CASINA DELLE CIVETTE,VIA NOMENTANA; 70,Roma,VILLA TORLONIA,161.0,644250072,644250166,mariagrazia.massafra@comune.roma.it,www.museivillatorlonia.it/,41.9133345,12.511711
191,Roma,Roma,Non MIBACT,OMR,,Sistema Musei in Comune,,,MUSEO DELLA SCUOLA ROMANA,VIA NOMENTANA; 70,Roma,VILLA TORLONIA / CASINO NOBILE,161.0,06-44252109/45472283,06-44252109,mariaitalia.zacheo@comune.roma.it,www.museivillatorlonia.it,41.9133345,12.511711
192,Roma,Roma,Non MIBACT,OMR,,Sistema Musei in Comune,,,MUSEI DI VILLA TORLONIA; CASINO NOBILE,VIA NOMENTANA; 70,Roma,VILLA TORLONIA,161.0,644250072,644250166,annapaola.agati@comune.roma.it,-,41.9133345,12.511711
193,Roma,Roma,Non MIBACT,OMR,,Sistema Musei in Comune,,x,MUSEO 'PIETRO CANONICA',VIALE PIETRO CANONICA; 2,-,La Fortezzuola di Villa Borghese,197.0,68842279,685301384,biancamaria.santese@comune.roma.it,www.museocanonica.it,41.9142202,12.486271
194,Roma,Roma,Non MIBACT,OMR,,,,,MUSEO DEI BAMBINI Explora,VIA FLAMINIA; 80/86,Roma,Ex deposito ATAC,196.0,63613776,636086803,ptomasich@mdbr.it,www.2mdbr.it,41.915469099999996,12.474891699999999
195,Roma,Roma,Non MIBACT,,,,,x,ISTITUTO DI STUDI PIRANDELLIANI,VIA ANTONIO BOSIO; 13B,Roma,villino del Ministero dello sviluppo economico,161.0,644291853,644291853,posta@studiodiluigipirandello.it,-,41.9162577,12.5141843
196,Roma,Roma,Non MIBACT,OMR,,,,,museo del videogioco VIGAMUS,via Sabotino 4,,,195.0,06 4547 5940,,,www.vigamus.com,41.9167809,12.4596739
197,Roma,Roma,MIBACT,,,,,,Galleria Nazionale d'Arte Moderna e Contemporanea,Via delle Belle Arti; 131,-,-,196.0,63221015,63221579,s-gnam@beniculturali.it,www.gnam.beniculturali.it,41.9170143,12.482134
198,Roma,Roma,Non MIBACT,,,,,,MUSEO STORICO DELLA GUARDIA DI FINANZA,PIAZZA ARMELLINI; 20,Roma,caserma G. di F.,162.0,644238841,64404805,museostoricogdf@gdf.it,www.gdf.it,41.9183968,12.522342800000002
199,Roma,Roma,Non MIBACT,OMR,,Sistema Musei in Comune,,,museo civico DI ZOOLOGIA,via Ulisse Aldrovandi; 18,-,-,197.0,667109270,632650186,info.museodizoologia@roma.it,www.museodizoologia.it,41.919191399999995,12.488358999999999
200,Roma,Roma,Non MIBACT,,,,,,ISTITUTO STORICO E DI CULTURA DELL'ARMA DEL GENIO,LUNGOTEVERE DELLA VITTORIA; 31,-,-,195.0,63725446,63725446,istituto_genio@esercito.difesa.it,-,41.923115100000004,12.4607131
201,Roma,Roma,Non MIBACT,,,,,,MAXXI - MUSEO NAZIONALE DELLE ARTI DEL XXI SECOLO,via Guido Reni; 4/a,Roma,-,196.0,063225178  32101838,632101839,segreteria@fondazionemaxxi.it,www.fondazionemaxxi.it,41.928484600000004,12.466481300000002
202,Gerano,Roma,Non MIBACT,,,,,,MOSTRA PERMANENTE 'LA CASA DELLE ANTICHE SCATOLE DI LATTA',VIA DEL PALAZZO; 8,-,-,25.0,3487960033,-,scatolemarina@hotmail.com,www.casadellescatole.org,41.93316970000001,12.993706
203,Gerano,Roma,Non MIBACT,,,,,,MUSEO DELL'INFIORATA,VIA DEL MUNICIPIO; 8,-,-,25.0,774798002,774798875,info@gerano.comnet.roma.it,www.infioratadigerano.it,41.9568201,13.021326400000001
204,Roma,Roma,Non MIBACT,OMR,,,,x,MUSEO VENANZO CROCETTI,VIA CASSIA; 492,Roma,Edificio di architettura contemporanea,189.0,633711468,633711468,museo.crocetti@tiscali.it,www.museocrocetti.it,41.9592351,12.454381300000001
205,Tivoli,Roma,Non MIBACT,OMR,,,,,MUSEO DIDATTICO DEL LIBRO ANTICO,PIAZZA TRENTO; 1,Tivoli,VILLA D'ESTE,19.0,641204709,641204709,associazionefannius@gmail.com,www.mdbr.it,41.962109600000005,12.7969341
206,Cerveteri,Roma,MIBACT,,,,,,Museo Nazionale Archeologico Cerite,Piazza S.Maria; s.n.c,-,-,53.0,69941354,69940001,rita.cosentino@beniculturali.it,htpp://etruriameridionale.beniculturali.it,41.9989303,12.098905699999998
207,Roma,Roma,MIBACT,,,,,,Villa di Livia,Via della Villa di Livia; 1,Via Flaminia; Km 14;00,-,188.0,633626826,-,-,www.archeoroma.it,42.000788799999995,12.4934285
208,Roma,Roma,MIBACT,,,,,,Area Archeologica di Veio - Santuario Etrusco dell'Apollo,Via Riserva Campetti,LocalitÃ‡Ã¿ Isola Farnese (Portonaccio),-,123.0,630890116,-,-,-,42.021080700000006,12.3888035
209,Arsoli,Roma,Non MIBACT,OMR,Sistema MEDANIENE,,DEMOS,,MUSEO DELLE TRADIZIONI MUSICALI,CORSO BORGO SAN BARTOLOMEO; 63,-,COMPLESSO EX GRANAIO MASSIMO; PIAN TERRENO.,23.0,774920006,774920313,ecomuseoarsoli@gmail.com  comune.arsolil@tiscalinet.it,www.prolocodiarsoli.it/museo%20tradizioni%20musicali.htm,42.0409547,13.019278199999999
210,Santa Marinella,Roma,MIBACT,,,,,,Antiquarium di Pyrgi e Area Archeologica,-,-,Castello di Santa Severa,58.0,766570194,766570194,sba-em@beniculturali.it,-,42.0584662,11.900578999999999
211,Formello,Roma,Non MIBACT,OMR,,,PROUST,,CASOLARE 311 - CASA COLONICA E MUSEO DELLA CIVILTA' COMTADINA,VIA SANTI MARTIRI; 12,Perazzeta - Formello,Casa colonica n. 311,60.0,69084255,690154548,museo.casolare311@gmail.com,www.casolare311.it,42.061485100000006,12.445273
212,Civitavecchia,Roma,MIBACT,,,,,,Museo Archeologico Nazionale,Largo Cavour; 1,Centro storico,c/o ingresso area portuale,53.0,76623604,76623604,sba-em@beniculturali.it,www.151.12.58.164/etruria/index.php?it/138/museo-archeologico-nazionale-di-civitavecchia,42.0911188,11.7927465
213,Licenza,Roma,Non MIBACT,,,,,,museo civico ORAZIANO,PIAZZA DEL PALAZZO; 3,-,-,26.0,77446225,77446582,licenza.licenza@tin.it,-,42.094637899999995,12.908997
214,Civitavecchia,Roma,MIBACT,,,,,,Terme Taurine o di Traiano,Via delle Terme Taurine,LocalitÃ‡Ã¿ Terme Taurine - Uscita Civitavecchia Nord,-,53.0,076623604   076620209,76623604,prolococivitavecchia@inwind.it,www.prolococivitavecchia.it,42.1099953,11.8360816
215,Campagnano di Roma,Roma,Non MIBACT,,,,,,museo civico ARCHEOLOGICO DI CAMPAGNANO,CORSO VITTORIO EMANUELE II; 2,-,PALAZZO VENTURI,63.0,69042924,690159308,d.moretti@comunecampagnano.it,-,42.138897799999995,12.381161500000001
216,Trevignano Romano,Roma,Non MIBACT,OMR,,,,,museo civico ETRUSCO-ROMANO,PIAZZA VITTORIO EMANUELE III; 1,-,PALAZZO COMUNALE,69.0,6999120201,69999848,museocivico@trevignanoromano.it,www.trevignanoromano.it,42.1561477,12.2463261
217,Allumiere,Roma,Non MIBACT,OMR,,,RESINA,,museo civico 'ADOLFO KLITSCHE DE LA GRANGE',PIAZZA DELLA REPUBBLICA; 29,Allumiere,Palazzo della Reverenda Camera Apostolica,51.0,766967793,766967793,museoallumiere@tiscali.it,www.digilander.libero.it/museoallumiere,42.1565334,11.9010675
218,Oriolo Romano,Viterbo,MIBACT,,,,,,Palazzo Altieri,Piazza Umberto I; 1,-,-,1010.0,699837145,699837145,-,-,42.15902379999999,12.138075099999998
219,Fara in Sabina,Rieti,Non MIBACT,OMR,,,MUSART,,MUSEO DEL SILENZIO,SANTA MARIA IN CASTELLO; SNC,FARA SABINA,-,2032.0,765277021,765277021,info@museodelsilenzio.it,www.museodelsilenzio.it,42.2095728,12.7295977
220,Bassano Romano,Viterbo,MIBACT,,,,,,Villa Giustiniani Odescalchi,Piazza Umberto I,Centro storico,-,1030.0,0761 636065,0761 636065,-,-,42.2182424,12.1925906
221,Nazzano,Roma,Non MIBACT,OMR,,,RESINA,,POLO SCIENTIFICO MUSEALE - MUSEO DEL FIUME DI NAZZANO,VIA MAZZINI; 4,Nazzano,Centro storico,60.0,0765 332002,0765 332710,museodelfiume@libero.it,www.museodelfiume.it,42.2286013,12.597138300000001
222,Monteleone Sabino,Rieti,Non MIBACT,OMR,,,PROUST,,museo civico ARCHEOLOGICO 'TREBULA MUTUESCA',VIA LUCIO MUMMIO; 11,Monteleone Sabino,Municipio,2033.0,765884014,765884340,museomonteleonesabino@gmail.com,-,42.2343211,12.855987599999999
223,Montopoli di Sabina,Rieti,Non MIBACT,OMR,,,MUSART,,MODERN AUTOMATA MUSEUM,VIA CASE NUOVE; 7,GRANARI,-,2034.0,765279821,765279559,info@modernautomatamuseum.com,www.modernautomatamuseum.com,42.235031899999996,12.682615
224,Sutri,Viterbo,Non MIBACT,OMR,,,,,MUSEO DEL PATRIMONIUM,VIA DI PORTAVECCHIA 79,SUTRI,EX PALAZZO DELLA COMUNITA',1015.0,761600867,761601232,biblio@comune.sutri.vt.it,www.comune.sutri.vt.it/,42.2410805,12.2245358
225,Tarquinia,Viterbo,Non MIBACT,,,,,,MUSEO DIOCESANO DI CIVITAVECCHIA-TARQUINIA,VIA ROMA; 11,-,-,1015.0,766840843,-,insolera.giovanni@libero.it,-,42.2526729,11.7565463
226,Tarquinia,Viterbo,MIBACT,,,,,,Museo Archeologico Nazionale,Piazza Cavour; 2,Centro Storico,-,1016.0,0761 856036,-,-,htpp//:etruriameridionale.beniculturali.it/index.php?it/132/museo-archeologico-nazionale-tarquiniense,42.2533951,11.7551343
227,Tarquinia,Viterbo,Non MIBACT,,,,,,COLLEZIONE GIUSEPPE CULTRERA - MUSEO DELLA CERAMICA; DELLA SOCIETA' TARQUINIENSE; D'ARTE E STORIA,VIA DELLE TORRI; 31,-,-,1016.0,766858194,766858194,tarquiniense@gmail.com,-,42.254213299999996,11.7572653
228,Civita Castellana,Viterbo,MIBACT,,,,,,Museo Archeologico dell'Agro Falisco e Forte Sangallo,Via del Forte; snc,-,-,1033.0,0761 513735,0761 513735,-,-,42.2880258,12.4085077
229,Magliano Sabina,Rieti,Non MIBACT,,,,,,museo civico ARCHEOLOGICO,VIA SABINA; 19,MAGLIANO SABINA,Palazzo Gori,2047.0,744910001,744910001,museo-civico-ms@libero.it,www.soi.cnr.it/magliano/,42.36117479999999,12.4826261
230,Viterbo,Viterbo,Non MIBACT,OBR,,,,,BIBLIOTECA S. GIUSEPPE,VIALE A. DIAZ; 25,-,ISTITUTO TEOLOGICO 'S. PIETRO',1100.0,761343134,761321026,biblioteca.sangiuseppe@teologicoviterbese.it,-,42.41107879999999,12.1090121
231,Viterbo,Viterbo,Non MIBACT,OMR,,Sistema museale urbano di Viterbo,MUSART,,MUSEO DELLA CERAMICA DELLA TUSCIA,VIA CAVOUR; 67,-,-,1100.0,761346136,761223674,laboratorioceramica@libero.it,www.museodellaceramicadellatuscia.com,42.4157087,12.106446
232,Viterbo,Viterbo,Non MIBACT,,,Sistema museale urbano di Viterbo,,,museo civico,PIAZZA FRANCESCO CRISPI; 2,Viterbo,Ex convento e Chiostro  della Chiesa di S.Maria della VeritÃ‡Ã¿,1100.0,761348276,761348276,museocivico@comune.viterbo.it,www.comuneviterbo.it link museocivico,42.417672700000004,12.1105913
233,Tuscania,Viterbo,MIBACT,,,,,,Chiesa San Pietro,-,LocalitÃ‡Ã¿ Tuscania,-,1017.0,-,-,-,-,42.4185731,11.870308900000001
234,Tuscania,Viterbo,MIBACT,,,,,,"Necropoli ""Madonna dell'Olivo""",-,LocalitÃ‡Ã¿ Madonna dell'Olivo,c/o Chiesa di Madonna dell'Olivo,1017.0,-,-,sba-em@beniculturali.it,htpp//:etruriameridionale.beniculturali.it,42.4185731,11.870308900000001
235,Viterbo,Viterbo,MIBACT,,,Sistema museale urbano di Viterbo,,,Museo Nazionale Etrusco di Rocca Albornoz,Piazza della Rocca; 21/b,-,-,1100.0,0761 325929,0761 325929,sba-em.roccaalbornoz@beniculturali.it,www.etruriameridionale.beniculturali.it,42.421643100000004,12.1044907
236,Canino,Viterbo,MIBACT,,,,,,Tomba Francois,Parco archeologico di Vulci,LocalitÃ‡Ã¿ Vulci,Castello dell'Abbadia,1011.0,0761 437787,0761 437787,sba-em@beniculturali.it,http://etruriameridionale.beniculturali.it,42.424116299999994,11.6310953
237,Viterbo,Viterbo,Non MIBACT,,,,,,MUSEO ERBARIO DELLA TUSCIA (UTV),VIA S. CAMILLO DE LELLIS; SNC,-,UNIVERSITA' DEGLI STUDI DELLA TUSCIA; ex FacoltÃ‡Ã¿ di Agraria - vecchio edificio,1100.0,761357490,761357028,erbario@unitus.it,www.unitus.it  www.sma.unitus.it,42.426571100000004,12.0896074
238,Viterbo,Viterbo,MIBACT,,,,,x,Villa Lante della Rovere,Via Jacopo Barozzi; 71,LocalitÃ‡Ã¿ Bagnaia,-,1031.0,-,-,-,-,42.426754100000004,12.154816499999999
239,Orte,Viterbo,Non MIBACT,OMR,,,,,Museo civico,via Pie' di marmo,,ex Chiesa di Sant'Antonio Abate,1028.0,0761 4041,0761 493303,info@comune.orte.vt.it,www.comune.orte.vt.it/c056042/zf/index.php/servizi-aggiuntivi/index/index/idtesto/27,42.460527899999995,12.3870936
240,Cellere,Viterbo,Non MIBACT,OMR,Sistema museale del lago di Bolsena,,DEMOS,,Museo del brigantaggio,via Marconi; 20,,Ex mattatoio,1010.0,0761 451791 - 392 7013553,,info@museobrigantaggiocellere.it,www.museobrigantaggiocellere.it,42.5111064,11.7732155
241,Ischia di Castro,Viterbo,Non MIBACT,OMR,Sistema museale del lago di Bolsena SIMULABO,,,,museo civico ARCHEOLOGICO 'PIETRO E TURIDDO LOTTI',PIAZZA CAVALIERI VITTORIO VENETO,-,-,1010.0,0761-425455,0761-425400,ischia_museocivico@libero.it,-,42.5443643,11.7559713
242,Capodimonte,Viterbo,Non MIBACT,,,,,,MUSEO DELLA NAVIGAZIONE NELLE ACQUE INTERNE,VIALE REGINA MARGHERITA;SNC,capodimonte,-,1010.0,761870043,761871206,comunecapodimonte@itpec.it,www.comune.capodimonte.vt.it,42.5560915,11.8882363
243,Leonessa,Rieti,Non MIBACT,OMR,,,,,museo civico DEMO-ANTROPOLOGICO DI LEONESSA,VIA DI SAN FRANCESCO; 85,LEONESSA,C/O EX CONVENTO; CHIOSTRO DI SAN FRANCESCO,2016.0,746923212,746923219,comunedileonessa@comunedileonessa.it,www.museum-eu.it,42.5631277,12.964419900000001
244,Valentano,Viterbo,Non MIBACT,OMR,Sistema museale del lago di Bolsena,,PROUST,,MUSEO DELLA PREISTORIA DELLA TUSCIA E DELLA ROCCA FARNESE,piazza della Vittoria; 11,-,Rocca Farnese,1018.0,761420018,761420018,museo.valentano@alice.it,www.simulabo.it,42.5685644,11.819206900000001
245,Amatrice,Rieti,Non MIBACT,OMR,,,MUSART,,museo civico DI ARTE SACRA COLA FILOTESIO DI AMATRICE,VIA COLA; 47,AMATRICE,-,2012.0,074683081 int 27,746825682,museocivico@comune.amatrice.it,-,42.629869899999996,13.287811900000001
246,Bolsena,Viterbo,Non MIBACT,OMR,Sistema museale del lago di Bolsena,,,,MUSEO TERRITORIALE DEL LAGO DI BOLSENA,piazza Monaldeschi,-,Castello,1023.0,761798630,-,museo@comunebolsena.it,www.regione.lazio.it/musei/museo_bolsena/,42.6463309,11.9858125
247,Bolsena,Viterbo,MIBACT,,,,,,Area del Foro e Domus Privatae della CittÃ‡Ã¿ Romana di Volsinii,Via Orvietana,LocalitÃ‡Ã¿ Poggio Moscini,-,1023.0,-,-,-,-,42.6474699,11.998059699999999
248,Grotte di Castro,Viterbo,Non MIBACT,OMR,Sistema museale del lago di Bolsena,,,,museo archeologico e delle tradizioni popolari,piazza Giacomo Matteotti,,Palazzo di Jacopo Barozzi da Vignola sec. XVI,1025.0,0763 796983,,bibliotecagrotte@libero.it,www.simulabo.it,42.6852104,11.902225900000001
249,Acquapendente,Viterbo,Non MIBACT,OMR,Sistema museale del lago di Bolsena,,MUSART,,Museo della cittÃ‡Ã¿,via Roma; 85,,Palazzo Vescovile,1021.0,0763 7309205,0763 711215,museo.civ.dioc@comuneacquapendente.it,www.museoacquapendente.it,42.7426527,11.868904800000001
250,Acquapendente,Viterbo,Non MIBACT,OMR,Sistema museale del lago di Bolsena,,,,museo della cittÃ‡Ã¿,piazzetta dell'orologio,,Palazzo Monaldeschi,1023.0,0761 796914,,info@simulabo.it,,42.7436932,11.868015699999999
251,Acquapendente,Viterbo,Non MIBACT,OMR,Sistema museale del lago di Bolsena,,RESINA,,MUSEO DEL FIORE,PREDIO GIARDINO; 37,Frazione TORRE ALFINA,-,1021.0,763733642,763731175,info@museodelfiore.it,www.museodelfiore.it,42.7477229,11.8630202
252,Itri,Latina,Non MIBACT,OMR,,,DEMOS,,MUSEO DEMOETNOANTROPOLOGICO DEL BRIGANTAGGIO NEL LAZIO MERIDIONALE,CORSO APPIO CLAUDIO; 268,-,-,4020.0,771721061,771721061,info@museobrigantaggio.it,www.museobrigantaggio.it,41.2901261,13.524151199999999
253,Pomezia,Roma,Non MIBACT,OMR,,,PROUST,,museo civico ARCHEOLOGICO LAVINIUM,via Pratica di mare,Borgo di  Pratica,edificio moderno,40.0,691984744,691984744,museo.lavinium@yahoo.it,www.museopomezia.it,41.6068257,12.503282400000002
254,Frosinone,Frosinone,Non MIBACT,OMR,,,,,MUSEO ARCHEOLOGICO COMUNALE,VIA XX SETTEMBRE; 32,Centro storico,C/o Cattedrale di S. Maria,3100.0,775212314,775859292,museo@comune.frosinone.it,www.comune.frosinone.it,41.639362299999995,13.3523809
255,Monte Porzio Catone,Roma,Non MIBACT,OMR,Sistema museale dei Castelli romani e prenestini MUSEUMGRANDTOUR,Sistema museale urbano di Monte Porzio Catone,DEMOS,,MUSEO DIFFUSO DEL VINO,VIA VITTORIO EMANUELE II; 22 - 32 - 46,monte porzio catone,-,40.0,689686503,69447471,musei@comune.monteporziocatone.rm.it,www.comune.monteporziocatone.rm.it,41.816715,12.71471
256,Roma,Roma,MIBACT,,,,,,Parco Archeologico delle Tombe della Via Latina,Via Arco di Travertino; 151,-,-,178.0,67809255,67809255,-,www.archeoroma.beniculturali.it/siti_archeologici/suburbio/tombe_via_latina,41.86343,12.532869999999999
257,Roma,Roma,MIBACT,,,,,,"Museo Nazionale d'Arte Orientale ""Giuseppe Tucci""",Via Merulana; 248,-,Palazzo Brancaccio,185.0,64697481,646974837,mn-ao@beniculturali.it,www.museorientale.beniculturali.it,41.89445,12.500539999999999
258,Roma,Roma,Non MIBACT,,,,,,ARCHIVIO STORICO E MUSEO BIRRA PERONI,VIA R. BIROLLI; 8,Roma,museo PERONI,155.0,622544296,62283442,museo@peroni.it,www.birraperoni.it,41.902813,12.5991294
259,Roma,Roma,Non MIBACT,,,,,,MUSEO DI STORIA DELLA MEDICINA,VIALE DELL'UNIVERSITA'; 34/A,"UniversitÃ‡Ã¿ di Roma ""la Sapienza""",DIPARTIMENTO DI MEDICINA MOLECOLARE,185.0,649914445,64451721,alessandro.aruta@uniroma1.it,www.histmed.it/museo/museo.htm,41.904791499999995,12.5136953
260,Roma,Roma,Non MIBACT,OMR,,Sistema Musei in Comune,,,MUSEO CARLO BILOTTI ARANCIERA DI VILLA BORGHESE,VIALE FIORELLO LA GUARDIA,-,Aranciera di Villa Borghese,197.0,685357446,68845630,museo.bilotti@comune.roma.it,www.museocarlobilotti.it,41.913337799999994,12.4827497
261,Roma,Roma,MIBACT,,,,,,Galleria Borghese,Piazzale Scipione Borghese; 5,-,Palazzo,197.0,68413979,68840756,sspsae-rm.borghese@beniculturali.it,http://galleriaborghese.beniculturali.it,41.914359999999995,12.49235
262,Roma,Roma,MIBACT,,,,,,Museo Nazionale Etrusco di Villa Giulia,Piazzale di Villa Giulia,-,-,196.0,63226571,63202010,sba-em@beniculturali.it,www.villagiulia.beniculturali.it,41.9182999,12.474606699999999
263,Roviano,Roma,Non MIBACT,OMR,Sistema MEDANIENE,,DEMOS,,MUSEO DELLA CIVILTA' CONTADINA VALLE DELL'ANIENE,PIAZZA S. GIOVANNI; 1,-,CASTELLO BRANCACCIO,27.0,774903143,774903008,rovianomuseo@tiscali.it,-,42.050936,12.964165
264,Anguillara Sabazia,Roma,Non MIBACT,,,,,,MUSEO STORICO DELLA CIVILTA' CONTADINA E DELLA CULTURA POPOLARE 'AUGUSTO MONTORI',TORRE ORSINI; SNC,Anguillara Sabazia,Giardini del Torrione,61.0,699608241,69994096,associazionesabate@tiscali.it,www.parcodeilaghi.it/museo/visitamuseo.htm,42.0914786,12.271545800000002
265,Bracciano,Roma,Non MIBACT,OMR,,,MUSART,,museo civico DI BRACCIANO,VIA UMBERTO PRIMO; 5,-,-,62.0,699805106,699805106,museo@comune.bracciano.rm.it,www.regione.lazio.it/musei/bracciano/index.php,42.1036275,12.1768752
266,Capena,Roma,Non MIBACT,OMR,,,MUSART,,Art Forum WURTH,viale Buona Fortuna;2,loc. Scorano,,60.0,06 901 038 00,06 901 034 00,art.forum@wuerth.it,www.artforumwuerth.it,42.12335,12.59595
267,Calcata,Viterbo,Non MIBACT,,,,,,MUSEO DELLA CIVILTA' CONTADINA,via San Giovanni,-,C/O CHIESA DI S.GIOVANNI,1030.0,761587989,-,gisa.federici@libero.it,-,42.2165023,12.418712199999998
268,Nepi,Viterbo,Non MIBACT,OMR,,,PROUST,,museo civico ARCHEOLOGICO DI NEPI,VIA XIII SETTEMBRE; 1,-,PALAZZO COMUNALE,1036.0,761570604,761557960,museo@comune.nepi.vt.it,-,42.242992,12.347864999999999
269,Antrodoco,Rieti,Non MIBACT,OMR,,,MUSART,,MUSEO DELLA CITTA' LIN DELIJA E CARLO CESI,CORSO ROMA; 9,ANTRODOCO,-,2013.0,746578379,746578623,culturaesport@comunediantrodoco.it,www.museoantrodoco.it,42.417332,13.07929
270,Vasanello,Viterbo,Non MIBACT,OMR,,,,,MUSEO DELLA CERAMICA DI VASANELLO,VIA S. SALVATORE; 19,VASANELLO,PALAZZO COMUNALE,1030.0,7614089302,3392077494,tamarapatilli@libero.it,-,42.4183899,12.3469114
271,Bomarzo,Viterbo,Non MIBACT,,,,,,PARCO DEI MOSTRI; SACRO BOSCO DI BOMARZO,-,GIOARDINO,-,1020.0,761924029,761924029,boscosacro@interfree.it,-,42.4916599,12.2475933
272,Bagnoregio,Viterbo,Non MIBACT,OMR,Sistema museale del lago di Bolsena,,RESINA,,museo geologico delle frane,piazza San Donato,Civita di Bagnoregio,Palazzo Alemanni,1022.0,328 6657205,,info@museogeologicodellefrane.it,,42.6278153,12.1136284
273,Lubriano,Viterbo,Non MIBACT,OMR,,,RESINA,,museo naturalistico,piazza Col di Lana; 12,Ex Casa di Padella,,10120.0,0761 780391 - 327 0289027,,info@museolubriano.com,,42.636462,12.1108139
274,Gradoli,Viterbo,Non MIBACT,OMR,Sistema museale del lago di Bolsena,,MUSART,,MUSEO DEL COSTUME FARNESIANO,PIAZZA LUIGI PALOMBINI; 2,-,PALAZZO FARNESE,1010.0,761456082,761456052,comunedigradoli@legalmail.it,www.comune.gradoli.vt.it,42.644090000000006,11.85619
275,Pontecorvo,Frosinone,Non MIBACT,,,,,,TESORO DI S. BARTOLOMEO,"BASILICA CATTEDRALE ""SAN BARTOLOMEO AP. """,Pontecorvo,C/O CATTEDRALE,3037.0,3313469988,-,cattedralepontecorvo@libero.it,www.cattedralepontecorvo.it,41.4545679,13.6637674
276,Anzio,Roma,Non MIBACT,,,,,,MUSEO DELLO SBARCO DI ANZIO,VIA DI VILLA ADELE; SNC,Anzio,Villa Adele,42.0,69848059,69848059,info@sbarcodianzio.it,www.sbarcodianzio.it,41.4495955,12.6197253
277,Aquino,Frosinone,Non MIBACT,OMR,,,PROUST,,MUSEO DELLA CITTA',VIA LATINA ANTICA; SNC,-,-,3031.0,776729061,0776728603 / 0776729,museoaquino@libero.it  museoaquino@virgilio.it,-,41.4993641,13.7039714
278,Arcinazzo Romano,Roma,Non MIBACT,OMR,Sistema MEDANIENE Sistema PRE.GIO,,PROUST,,MUSEO COMUNALE VILLA DI TRAIANO,VIA SUBLACENSE KM 30; SNC,ALTIPIANI DI ARCINAZZO,-,20.0,774808006,774808263,info@arcinazzo.org,www.arcinazzo.org,41.878652,13.1163715
279,Arcinazzo Romano,Roma,Non MIBACT,,,,,,MUSEO DELLA CULTURA CONTADINA,VIA DEL FORNO; SNC,-,-,20.0,774808006,774808263,info@arcinazzo.org,-,41.878652,13.1163715
280,Ardea,Roma,MIBACT,,,,,,Museo Giacomo ManzÃ‡Ã»,Via Laurentina; Km 32;800,-,-,40.0,69135022,69135022,marcella.cossu@beniculturali.it,www.museomanzu.beniculturali.it,41.6079691,12.5432586
281,Arpino,Frosinone,Non MIBACT,,,,,,MUSEO DELL'ARTE DELLA LANA,VIA DELL'AQUILA ROMANA; SNC,ARPINO,EX CHIESA DI S. DOMENICO,3033.0,776649241,776850057,museiciviciarpino@libero.it,www.arpinoturismo.it,41.6451345,13.612625099999999
282,Atina,Frosinone,Non MIBACT,OMR,,,PROUST,,MUSEO ARCHEOLOGICO DI ATINA E DELLA VALLE DI COMINO,VIA VITTORIO EMANUELE III; SNC,ATINA,"EX EDIFICIO SCOLASTICO ""G. VISOCCHI"" - ATINA",3042.0,776609131,776609131,museo.atina@virgilio.it,www.comune.atina.fr.it,41.619337200000004,13.8015603
283,Ausonia,Frosinone,Non MIBACT,OMR,,,DEMOS,,MUSEO DELLA PIETRA,VIA SAN MICHELE SNC,centro storico,c/o Castello Medievale,3040.0,0776-952021,0776-953014,comunediausonia@libero.it,-,41.3570246,13.750743599999998
284,Blera,Viterbo,Non MIBACT,OMR,,,DEMOS,,museo civico GUSTAVO VI ADOLFO DI SVEZIA - SEZIONE DEMO-ANTROPOLOGICA,VIA UMBERTO I; SNC,Blera,-,1010.0,761471057,761470566,info_museoblera@yahoo.it,-,42.2759082,12.025463900000002
285,Bracciano,Roma,Non MIBACT,,,,,,MUSEO DELL'OPERA DEL DUOMO DI S. STEFANO 'BRUNO PANUNZI',largo della Cattedrale,-,-,62.0,3392326963,-,p.s.stefanobracciano@gmail.com,www.forumclodii.org,42.103913299999995,12.1786837
286,Calcata,Viterbo,Non MIBACT,OMR,,,MUSART,,OPERA BOSCO' MUSEO DI ARTE NELLA NATURA,LOCALITA' COLLE; SNC,-,-,1030.0,761588048,-,operabosco@operabosco.eu,www.operabosco.eu,42.21656,12.421149699999999
287,Canepina,Viterbo,Non MIBACT,OMR,,,DEMOS,,MUSEO DELLE TRADIZIONI POPOLARI DI CANEPINA,LARGO MARIA DE MATTIAS; 7,-,EX CONVENTO DEI CARMELITANI,1030.0,761327677,761652359,info@cmcimini.it,-,42.3818609,12.230836300000002
288,Capena,Roma,MIBACT,,,,,,Area Archeologica di Lucus Feroniae e Museo Archeologico,Strada Statale 3 bis Tiberina; Km 18; 500,-,Edificio costruito ex novo,60.0,69085173,-,-,-,42.1409078,12.5394045
289,Capranica,Viterbo,Non MIBACT,OMR,,,,,museo delle confraternite,via Annibal Caro,,,1012.0,0761 6679209,0761 6679232,capranicasegreteria@hotmail.com,,42.259544500000004,12.174631100000001
290,Carpineto Romano,Roma,Non MIBACT,OMR,Sistema dei Monti Lepini,,,,MUSEO 'LA REGGIA DEI VOLSCI',VIA DELLA TORRE ANTICA; 4,Carpineto romano,-,32.0,69717434,697180029,museolareggia@alternatyva.it,-,41.608664399999995,13.0821906
291,Carpineto Romano,Roma,Non MIBACT,,,,,,MOSTRA PERMANENTE I CIMELI DI LEONE XIII,VIA LA ROSA; SNC,-,C/O CENTRO CULTURALE SAN NICOLA,32.0,697180028,697180029,culturacacarpineto@carpinetoromano.it,-,41.608664399999995,13.0821906
292,Cassino,Frosinone,MIBACT,,,,,,Museo Archeologico Nazionale G. Carettoni,Via di  Montecassino; Km 1;00,-,-,3043.0,0776 301168,0776 301168,sba-laz.museocassino@beniculturali.it,www.archeolz.arti.beniculturali.it,41.4907889,13.833377599999999
293,Ceprano,Frosinone,Non MIBACT,,,,,,PICCOLO MUSEO,VIA MONS. PIETRO CORVI; 1,PADRI CARMELITANI SCALZI - CEPRANO,CONVENTO,3024.0,775914148,775914148,ceprano@carmelitaniroma.it,-,41.54435529999999,13.512173
294,Cori,Latina,Non MIBACT,OMR,Sistema dei Monti Lepini,,PROUST,,MUSEO DELLA CITTA' E DEL TERRITORIO,via Giacomo Matteotti,Cori,-,4010.0,696617243,696617243,museo@comune.cori.lt.it,-,41.6435151,12.9136293
295,Fara in Sabina,Rieti,Non MIBACT,,,,,,ABBAZIA DI FARFA,VIA DEL MONASTERO; 1,-,-,2032.0,765277065,-,farfenprior@libero.it,www.abbaziadifarfa.it,42.2212858,12.7184454
296,Fiano Romano,Roma,MIBACT,,,,,,Villa dei Volusii,Via Tiberina; Km 17;300,Bambocci,-,65.0,-,-,-,-,42.170257299999996,12.5922521
297,Formello,Roma,Non MIBACT,OMR,,,PROUST,,museo civico DELL'AGRO VEIENTANO,PIAZZA SAN LORENZO SNC,Formello,Palazzo Chigi,60.0,690194240,69089577,museo@comune.formello.rm.it,www.comune.formello.rm.it,42.0820027,12.4036987
298,Gaeta,Latina,Non MIBACT,OMR,,,,,MUSEO DIOCESANO E DELLA RELIGIOSITA' DEL PARCO DEI MONTI AURUNCI,PIAZZA CARDINALE TOMMASO DE VIO; 9,-,PALAZZO CARDINALE TOMMASO DE VIO,4024.0,771700287,7714530234,beniculturali@arcidiocesigaeta.it,-,41.2107299,13.5714285
299,Gallese,Viterbo,Non MIBACT,OMR,,,,,MUSEO DI GALLESE - CENTRO CULTURALE 'MARCO SCACCHI',VIA LORENZO FILIPPINI; SNC - GALLESE,-,-,1035.0,761495503,761495535,museo@comune.gallese.vt.it,-,42.371691299999995,12.402600999999999
300,Genazzano,Roma,Non MIBACT,OMR,,,,,Museo del Santuario Æ’??Madre del Buon ConsiglioÆ’?ï¿½,corso Cardinale Vannutelli 2,,Convento del Santuario della Madonna del Buon Consiglio,30.0,06 9579002,06 95570163,santuariombc@gmail.com,www.genazzanobuonconsiglio.it/index.php?option=com_content&view=article&id=77&Itemid=69,41.8361406,12.973345199999999
301,Grottaferrata,Roma,MIBACT,,,,,,Abbazia Greca di San Nilo,Via di San Nilo; snc,Grottaferrata,Chiesa di Santa Maria,46.0,06 9459309,06 9456734,segreteria@abbaziagraca.it,www.abbaziagreca.it,41.7865663,12.673591400000001
302,Guidonia Montecelio,Roma,Non MIBACT,,,,,,ANTIQUARIUM 'DON CELESTINO PICCOLINI',VIA MONTE ALBANO; SNC,MONTECELIO,-,12.0,0774-511053  301290,0774-303434,pubblicaistruzione@guidonia.org,www.guidonia.org,41.9939694,12.7245045
303,Latera,Viterbo,Non MIBACT,OMR,Sistema museale del lago di Bolsena SIMULABO,,DEMOS,,MUSEO DELLA TERRA,VIA DELL'OSTERIA; SNC,Latera,Grancia di San Pietro,1010.0,761459041,761459476,museo@comune.latera.vt.it,www.simulabo.it; /www.regione.lazio.it/musei/latera/,42.6300003,11.828067800000001
304,Latina,Latina,Non MIBACT,OMR,,,,,MUSEO DI PIANA DELLE ORME,VIA MIGLIARA 43;5 N.29,BORGO FAITI,-,4100.0,773258708,773255000,info@pianadelleorme.it,-,41.440428600000004,12.967055
305,Leonessa,Rieti,Non MIBACT,,,,,,MUSEO DELLA NOSTRA TERRA,VIA COMUNALE DI OCRE LEONESSA; 79,Frazione Ocre-Comune di Leonessa,-,2016.0,335465412,-,franco.bonelli@alice.it,-,42.5660721,12.962444999999999
306,Licenza,Roma,MIBACT,,,,,,Villa di Orazio,Via Licinese snc,-,-,26.0,06 3265961,06 3214447,sba-laz@beniculturali.it,www.archeolz.arti.beniculturali.it,42.072782700000005,12.9004489
307,Maenza,Latina,Non MIBACT,OMR,Sistema dei  Monti Lepini,,MUSART,,Museo del paesaggio,Piazza della Portella,Rione Belle donne,castello Caetani-Aldobrandini,4010.0,0773 951310,,comunemaenza@libero.it,,41.5231443,13.1821084
308,Marino,Roma,Non MIBACT,OMR,,,,,MUSEO ARCHEOLOGICO UMBERTO MASTROIANNI,LARGO JACOPA DE' SETTESOLI; SNC,Marino,Ex Chiesa di S. Lucia,47.0,69385681,69385681,museocivicomarino@interfree.it,-,41.770086600000006,12.6585371
309,Minturno,Latina,MIBACT,,,,,,Comprensorio Archeologico di Minturnae,Via Punta Fiume; snc,Marina di Minturno,-,4026.0,0771 622239,0771 680093,sba-laz.minturnae@beniculturali.it,www.archeolz.arti.beniculturali.it,41.2657426,13.7443642
310,Norma,Latina,Non MIBACT,OMR,,,PROUST,,museo civico ARCHEOLOGICO 'PADRE ANNIBALE GABRIELE SAGGI',VIA DELLA LIBERAZIONE SNC,Norma,Palazzo Ex Comunale,4010.0,773353806,773354186,cultura@comunedinorma.it,www.regione.lazio.it/musei/civicoarcheologiconorma/,41.5845715,12.975238000000001
311,Olevano Romano,Roma,Non MIBACT,OMR,Sistema PRE.GIO,,,,museo sulla pittura di paesaggio,Via H. Hindorf 1,,Villa De Pisa,35.0,06 95600118,,degiusti@gmail.com,www.amolevano.it,41.860647799999995,13.031221
312,Orte,Viterbo,Non MIBACT,,,,,,MUSEO DELLE CONFRATERNITE,PIAZZA DEL POPOLO; SNC,ORTE,C/O CHIESA DI SANT'AGOSTINO,1028.0,3206280189,761402640,robertorondelli@confraterniteorte.it,www.confraterniteorte.it,42.457441100000004,12.3869837
313,Orte,Viterbo,Non MIBACT,OMR,,,MUSART,,Museo diocesano,piazza Colonna; 5,,ex chiesa di San Silvestro,1028.0,0761 404357,,museodartesacraorte@gmail.com,www.diocesicivitacastellana.it,42.460018,12.386315
314,Palestrina,Roma,MIBACT,,Sistema museale dei Castelli romani e prenestini MUSEUMGRANDTOUR,,,,Museo Archeologico Nazionale di Palestrina e Santuario della Fortuna Primigenia,Piazza della Cortina; 1,-,c/o Palazzo Barberini,36.0,06 9538100,06 9538100,sba-laz.palestrina@beniculturali.it,www.archeolz.arti.beniculturali.it,41.8405653,12.8925954
315,Petrella Salto,Rieti,Non MIBACT,OMR,,,,,MUSEO DELLE SUORE DI SANTA FILIPPA MARERI (EX MONASTERO,piazza Santa Filippa Mareri; 17,BORGO SAN PIETRO,-,2025.0,746558134,746558367,filippaborgo@libero.it,www.suoresantafilippa.it,42.272890999999994,13.064391
316,Pontinia,Latina,Non MIBACT,OMR,,,DEMOS,,Museo Agro Pontino,piazza John Kennedy; 1,,,4014.0,0773 867422,,info@museoagropontino.it,www.museoagropontino.it,41.404398799999996,13.0437426
317,Posta Fibreno,Frosinone,Non MIBACT,,,,,,MUSEO NATURALISTICO ETNOGRAFICO DELLA RISERVA NATURALE LAGO DI POSTA FIBRENO,PIAZZA CESARE BATTISTI; SNC,-,-,3030.0,776888021,776888021,labter@libero.it,-,41.694545899999994,13.696616500000001
318,Priverno,Latina,Non MIBACT,OMR,Sistema dei Monti Lepini,Sistema museale urbano di Priverno,,,MUSEO PER LA MATEMATICA 'GIOCHIAMO ALL'INFINITO',VIA SAN MARTINO; SNC,SP SAN MARTINO 10,CASTELLO DI SAN MARTINO,4015.0,773904601,773904973,giochiamoallinfinito@libero.it,www.sistemamuseo.it/museoid.php?uid=180,41.469922,13.183253400000002
319,Priverno,Latina,Non MIBACT,OMR,Sistema dei Monti Lepini,Sistema museale urbano di Priverno,PROUST,,POLO MEDIEVALE DEL MUSEO ARCHEOLOGICO DI PRIVERNO,VIA DEI GUITTI; SNC,Fossanova,ANTICA FORESTIERA CISTERCENSE,4015.0,773938006,773938006,musarchpriverno@libero.it,-,41.469922,13.183253400000002
320,Priverno,Latina,MIBACT,,,,,,Abbazia di Fossanova,Via S.Tommaso D'Aquino,Fossanova,-,4010.0,0773 939061,0773 939382,abbazia@libero.it,www.abbaziadifossanova.it,41.4381536,13.195752800000003
321,Priverno,Latina,Non MIBACT,OMR,Sistema dei Monti Lepini,Sistema museale urbano di Priverno,,,Area archeologica Privernum,SR Monti Lepini; Km 28;800,loc. Mezzagosto,Antica Privernum,4010.0,0773 905065,0773 905065,musarchpriverno@libero.it,http://musarchpriverno.it,41.473427,13.179527300000002
322,Rieti,Rieti,Non MIBACT,OMR,,,MUSART PROUST,,museo civico DI RIETI,PIAZZA VITTORIO EMANUELE II; 1,Rieti,Municipio,2100.0,0746287212  287280,746253173,museocivico@comune.rieti.it  museocivicorieti@gmail.com,www.regione.lazio.it/musei/rieti/,42.4055045,12.8658321
323,Riofreddo,Roma,Non MIBACT,OMR,Sistema MEDANIENE,,DEMOS PROUST,x,MUSEO DELLE CULTURE 'VILLA GARIBALDI',VIA COSTANZA GARIBALDI; 10,-,-,20.0,774929186,774929501,mudecu@libero.it,-,42.0595895,12.9978217
324,Roma,Roma,Non MIBACT,,,,,,MUSEO DEL DEPOSITO PLEISTOCENICO DI CASAL DE PAZZI,VIA CICILIANO; SNC,REBIBBIA,ANGOLO CON VIA EGIDIO GALBANI,156.0,624404006,62417187,patrizia.gioia@comune.roma.it,www.sovraintendenzaroma.it/i_luoghi/musei__1/altri_musei_e_collezioni__1/museo_di_casal_de_pazzi_deposito_pleistocenico,41.932575,12.5699643
325,Roma,Roma,Non MIBACT,OMR,,Sistema Musei in Comune,,,MUSEO DELL'ARA PACIS,LUNGOTEVERE IN AUGUSTA; SNC,Roma,Edificio di architettura contemporanea,186.0,632652497,632652497,info.arapacis@comune.roma.it,www.arapacis.it,41.896600799999995,12.4753205
326,Roma,Roma,Non MIBACT,,,,,,MUSEO DELLA CARTOLINA,VIA DEL CARDELLO 14A (PRESSO ENRICO STURANI),Roma,-,184.0,6.486.970,-,sturamail@yahoo.it,-,41.889187,12.4982572
327,Roma,Roma,Non MIBACT,,,,,,MUSEO DI CHIMICA,PIAZZALE A. MORO; 5 - UNIVERSITA' DEGLI STUDI LA SAPIENZA; DIPARTIMENTO DI CHIMICA,Roma,-,185.0,649913167,649913725,museodichimica@uniroma1.it,-,41.8977003,12.509727400000001
328,Roma,Roma,Non MIBACT,,,,,,CASA PROTOSTORICA DI FIDENE,VIA QUARRATA; SNC,,-,138.0,624404006,62017187,carlo.persiani@comune.roma.it,-,41.991990799999996,12.518330699999998
329,Roma,Roma,Non MIBACT,OMR,,,,,MUSEO LABORATORIO DELLA MENTE,PIAZZA S. MARIA DELLA PIETÃ‡? 5,padiglione 6,Pad. 6 Ex ospedale pschiatrico Santa Maria della PietÃ‡Ã¿,135.0,668352927,668352923,info@museodellamente.it,www.museodellamente.it,41.9407108,12.4191006
330,Roma,Roma,Non MIBACT,OMR,,,,,MUSEO EBRAICO DI ROMA,LARGO XVI OTTOBRE,Sinagoga,C/O SINAGOGA,186.0,668400661,668400639,info@museoebraico.roma.it,www.museoebraico.roma.it,41.8709925,12.4852653
331,Roma,Roma,Non MIBACT,,,,,,MUSEO DELLA STRUMENTAZIONE E INFORMAZIONE CRISTALLOGRAFICA,VIA SALARIA; KM 29;3,AREA RICERCA CNR RM1,C/O ISTITUTO DI CRISTALLOGRAFIA DEL CNR (Sede di Roma),16.0,690672634,690672630,fausto.daprile@ic.cnr.it,www.cnr.it/sitocnr/iservizi/museidelcnr/cristallografica/informazionecristallografica.html,41.902783500000005,12.4963655
332,Roma,Roma,Non MIBACT,,,,,,GALLERIA DELL'ACCADEMIA NAZIONALE DI SAN LUCA,PIAZZA DELL'ACCADEMIA DI SAN LUCA 77; 00187 ROMA,-,-,187.0,66798850,669924362,archivio@accademiasanluca.it,www.accademiasanluca.it,41.901669,12.483614900000001
333,Roma,Roma,MIBACT,,,,,x,Museo Hendrik Christian Andersen,Via P. S. Mancini; 18/24,-,-,196.0,63219089,63219089,s-gnam.museoandersen@beniculturali.it,www.museoandersen.beniculturali.it,41.914155900000004,12.470504400000001
334,Roma,Roma,MIBACT,,,,,,Pantheon,Piazza della Rotonda; snc,-,-,186.0,06 683002,06 683002,sbap-rm.pantheon@beniculturali.it,www.sbap-roma.beniculturali.it,42.0339149,13.4299497
335,Roma,Roma,MIBACT,,,,,,Monumento a Vittorio Emanuele II (Vittoriano),Piazza Venezia,-,-,186.0,66780664,658434787,dr-laz@beniculturali.it,www.lazio.beniculturali.it,41.8959938,12.482046
336,San Donato Val di Comino,Arsoli,Non MIBACT,,,,,,MUSEO DELLA CIVILTA' CONTADINA,VIALE TENENTE MAURIZIO SIMONE; SNC,-,EDIFICIO SCUOLA ELEMENTARE,3046.0,776508701,776508918,info@comune.sandonatovaldicomino.fr.it,-,41.7089032,13.812641399999999
337,San Martino al Cimino,Viterbo,Non MIBACT,OMR,Rete urbana di Viterbo,,,,museo dell'Abate,piazza dell'oratorio,,scriptorium dellAbbazia cistercense,1100.0,0761 379803,,,,42.369345700000004,12.1250064
338,Sant'Oreste,Roma,Non MIBACT,OMR,,,,,MUSEO NATURALISTICO DEL MONTE SORATTE,piazza Cavalieri Caccia,-,-,60.0,761578185,761578443,museodelmontesoratte@libero.it  museodelfiume@libero.it,-,42.2520515,12.4611825
339,Santa Marinella,Roma,Non MIBACT,OMR,,,PROUST,,museo del mare e della navigazione antica,via del Castello; Aurelia S.S 1 Km. 52;600,Area archeologica di Pyrgi,Castello di Santa Severa,,0766 570077,,,www.museosantasevera.org,42.0165652,11.955297199999999
340,Saracinesco,Roma,Non MIBACT,OMR,Sistema PRE.GIO,,,,museo del tempo,centro storico e borgo (all'aperto),,,20.0,,,,www.tibursuperbum.it/ita/escursioni/saracinesco/MuseoTempo.htm,42.0031174,12.953347099999998
341,Sermoneta,Latina,Non MIBACT,OMR,,,MUSART,,MUSEO DIOCESANO D'ARTE SACRA - SEZIONE DI SERMONETA,PIAZZA SANTA MARIA; SNC,-,-,4010.0,7736986105,7736986111,beniculturali@diocesi.latina.it,-,41.5484988,12.9839569
342,Sermoneta,Latina,Non MIBACT,OMR,,,MUSART,,Abbazia di Valvisciolo,via Badia; 14,monte Corvino,monastero cistercense,4013.0,0773 30013,,abbaziavalvisciolo@yahoo.it,,41.5499706,12.983686800000001
343,Serrone,Frosinone,Non MIBACT,,,,,,ESPOSIZIONE PERMANENTE DI COSTUMI TEATRALI,PIAZZA PLEBISCITO,Serrone,Centro storico,3010.0,775523064,775523277,turismo.serrone@gmail.com,www.comune.serrone.fr.it,41.8433999,13.0852524
344,Sezze,Latina,Non MIBACT,,,,,,FORO APPIO,VIA APPIA (KM 72;800); 5,Borgo Faiti,-,4010.0,773877434,773800247,info@foroappiohotel.it,www.foroappiohotel.it,41.4994158,13.0617578
345,Sora,Frosinone,Non MIBACT,OMR,,,PROUST,,museo civico DELLA MEDIA VALLE DELL'IRI,PIAZZA MAYER ROSS; SNC,SORA,-,3039.0,776833327,776833327,museo.sora@comune.sora.fr.it,www.comune.sora.fr.it,41.7188539,13.613049100000001
346,Sperlonga,Latina,MIBACT,,,,,,Museo Archeologico Nazionale e Area Archeologica,Via Flacca; Km 16;300,-,-,4029.0,0771 548028,0771 548028,sba-laz.sperlonga@beniculturali.it,www.archeolz.arti.beniculturali.it,41.2259953,13.515243400000001
347,Sutri,Viterbo,MIBACT,,,,,,Anfiteatro Romano,Via Cassia; Km 49,-,-,1015.0,-,-,-,-,42.2439027,12.2185381
348,Tarquinia,Viterbo,MIBACT,,,,,,Necropoli,Via Ripagretta; snc,Calvario,-,1016.0,0766 856308,-,-,htpp//:etruriameridionale.beniculturali.it/index.php?it/201/descrizione,42.2541846,11.7575684
349,Tivoli,Roma,MIBACT,,,,,,Area Archeologica di Villa Adriana,Largo Marguerite Yourcenar; 1,Villa Adriana,-,10.0,0774 530203,0774 531979,villaadriana@beniculturali.it,www.villaadriana.beniculturali.it,41.959817,12.8022261
350,Tolfa,Roma,Non MIBACT,,,,,,museo civico ARCHEOLOGICO,LARGO 15 MARZO 1799; SNC,-,EX CONVENTO DEI PADRI AGOSTINIANI,59.0,76692127,7669390243,museotolfa@tiscali.it,-,42.1497058,11.9380648
351,Trevi nel Lazio,Frosinone,Non MIBACT,OMR,Sistema PRE.GIO,,,,museo archeologico Æ’??Domenico Antonio PierantoniÆ’?ï¿½,via Eresio Fertore,,Castello Caetani,3010.0,,,,,41.8755794,12.6115341
352,Tuscania,Viterbo,Non MIBACT,,,,,,RACCOLTA DI MONTEBELLO DEL MAESTRO GIUSEPPE CESETTI,CENTRO STRADA MONTEBELLO; 3,-,-,1017.0,761442695,-,-,-,42.3550533,11.8011922
353,Tuscania,Viterbo,MIBACT,,,,,,Museo Archeologico Nazionale,Largo Mario Moretti; 1,-,c/o Chiesa della Madonna del Riposo,1017.0,0761 436209,0761 436209,sba-em@beniculturali.it,htpp//:etruriameridionale.beniculturali.it,42.421493100000006,11.8705543
354,Vallepietra,Roma,Non MIBACT,,,,,,SALE MUSEALI 'EX VOTO' SANTUARIO SANTISSIMA TRINITA' VALLE PIETRA,SANTUARIO SANTISSIMA TRINITA',Vallepietra,Santuario,20.0,774899084,774899084,p.vallepietra@tiscalinet.it,-,41.9257111,13.230550099999999
355,Viterbo,Viterbo,Non MIBACT,,,,,,CONFRATERNITA SS.SACRAMENTO E S.ROSARIO,PIAZZA ORATORIO 5,FRAZIONE S. Martino al Cimino,Abbazia Cistercense di S.Martino al Cimino,1100.0,761379301,-,confraternitasanmartino@gmail.com,www.abbaziasanmartinoalcimino.it,42.4157698,12.113354
356,Viterbo,Viterbo,MIBACT,,,,,,Area Archeologica Antica CittÃ‡Ã¿ di Ferento,Strada Provinciale Teverina; Km 8;000,-,-,1100.0,-,-,-,-,42.4206766,12.107669
