,Categoria,Provincia,Comune,Denominazione,Indirizzo,Telefono,Orari,Biglietto intero,Biglietto ridotto,Note,scheda
0,Musei archeologici,Trapani,Mazara del Vallo,Museo del Satiro (Chiesa di Sant'Egidio),"Chiesa di Sant'Egidio, Piazza Plebiscito",0923933917,"Tutti i giorni, compresi i festivi, dalle 9,00 alle 19,45. Servizio di biglietteria sino alle 19.15","6,00 â‚¬","3,00 â‚¬",LunedÃ¬ 19 giugno chiusura per disinfestazione,http://www.regione.sicilia.it/beniculturali/dirbenicult/database/page_musei/pagina_musei.asp?ID=33&amp;IdSito=87
1,Musei etnoantropologici,Siracusa,Palazzolo Acreide,Museo regionale casa-museo Antonino Uccello a Palazzolo Acreide,"Via Machiavelli, 19",0931 881499,Giorni feriali dal lunedÃ¬ a sabato dalle 9.00 alle 19.00. Festivi tranne prima e terza domenica del mese dalle 14.00 alle 19.30. Prima e terza domenica del mese dalle 9.00 alle 13.30. Chiusura biglietteria mezz'ora prima.,"2,00 â‚¬","1,00 â‚¬","Biglietto Unico - Casa museo e Area Archeologica di Akrai: Intero â‚¬ 5,00 Ridotto â‚¬ 2,50.",http://www.regione.sicilia.it/beniculturali/dirbenicult/database/page_musei/pagina_musei.asp?ID=15&amp;IdSito=84
2,Aree archeologiche,Ragusa,Ispica,Area archeologica Parco Forza,"Ispica, Via Cavagrande,snc",0932952608,"Dal 1 aprile tutti i giorni, festivi compresi, dalle 9.00 alle 18.15","2,00 â‚¬","1,00 â‚¬",Dipende dal Polo regionale di Ragusa per i siti archeologici e per i Parchi archeologici di Kamarina e Cava Ispica. La prima domenica di ogni mese ingresso gratuito,http://www.regione.sicilia.it/beniculturali/dirbenicult/database/page_musei/pagina_musei.asp?ID=189&amp;IdSito=126
3,Aree archeologiche,Caltanissetta,Gela,Castelluccio,Contrada Cucinella Spataro. SS 117 Bis,0933912626,Chiuso temporaneamente,,,Biglietto unico con Museo Archeologico Regionale di Gela,http://www.regione.sicilia.it/beniculturali/dirbenicult/database/page_musei/pagina_musei.asp?ID=322&amp;IdSito=21
4,Aree archeologiche,Messina,Terme Vigliatore,Villa Romana di San Biagio,"Via Nazionale 3, localitÃ  San Biagio",0909740488,Giorni feriali da aprile a settembre ore 09:00/19:00; festivi da giugno a settembre ore 09:00/19:00.,Gratuito,Gratuito,,http://www.regione.sicilia.it/beniculturali/dirbenicult/database/page_musei/pagina_musei.asp?ID=44&amp;IdSito=51
5,Aree archeologiche e Antiquarium,Caltanissetta,Gela,Antiquarium iconografico e Mura Timoleontee di Capo Soprano,Contrada Scavone - Viale Indipendenza,093391226 - 0933930975,"In ora solare, dal lunedÃ¬ al sabato, dalle 9,30 alle 13,00 e dalle 14,00 alle 18,00 (ultimo ingresso ore 17,30). CHIUSO I FESTIVI  tranne la prima domenica di ogni mese, dalle 9,00 alle 13,00 (ultimo ingresso ore 12,30)","4,00 â‚¬","2,00 â‚¬","Apertura tutte le domeniche di giugno e luglio fino alle ore 13,00 (ultimo ingresso ore 12,30)
Biglietto unico con il Museo archeologico regionale di Gela",http://www.regione.sicilia.it/beniculturali/dirbenicult/database/page_musei/pagina_musei.asp?ID=37&amp;IdSito=20
6,Monumentale,Palermo,Monreale,Chiostro Santa Maria la Nuova (Duomo),Piazza Guglielmo il Buono,0917071425 - 0917071411 -  0916404403,"Da lunedÃ¬ a sabato 9,00-19,00 (ultimo ingresso 18,30) domenica e festivi 9,00-13,30 (ultimo ingresso 13,00)","6,00 â‚¬","3,00 â‚¬",Prima domenica del mese ingresso gratuito,http://www.regione.sicilia.it/beniculturali/dirbenicult/database/page_musei/pagina_musei.asp?ID=49&amp;IdSito=63
7,Aree archeologiche,Siracusa,Noto,Area archeologica di Eloro,,,Chiuso,Gratuito,Gratuito,,http://www.regione.sicilia.it/beniculturali/dirbenicult/database/page_musei/pagina_musei.asp?ID=182&amp;IdSito=82
8,Monumentale,Palermo,Palermo,Palazzo Ajutamicristo,"Via Garibaldi, 41",0917071425 - 3357957161,"Martedi e sabato dalle 9.00 alle 18.30. LunedÃ¬, mercoledÃ¬, giovedÃ¬, venerdÃ¬ dalle 9.00 alle 13.30.",Gratuito,Gratuito,Prima domenica del mese apertura dalle 9.00 alle 13.00,http://www.regione.sicilia.it/beniculturali/dirbenicult/database/page_musei/pagina_musei.asp?ID=175&amp;IdSito=135
9,Aree archeologiche,Siracusa,Siracusa,Percorso ipogeico di Piazza Duomo,Piazza Duomo 14,0931450801,In atto chiuso,"5,00 â‚¬","2,50 â‚¬",,http://www.regione.sicilia.it/beniculturali/dirbenicult/database/page_musei/pagina_musei.asp?ID=96&amp;IdSito=117
10,Musei etnoantropologici,Messina,Mistretta,Museo delle Tradizioni silvo-pastorali di Mistretta,Via LibertÃ  184,0921381696 (temporaneamente disattivato),"Fino al 30 aprile: aperto da martedÃ¬ a sabato, dalle 9,00 alle 13,00. Da maggio aperto da martedÃ¬ a domenica (9,00 - 13,00). 1 maggio aperto.",Gratuito,Gratuito,"Per la disattivazione delle linee telefoniche di rete fissa, le comunicazioni al Museo potranno essere inviate alle caselle polomuseale.me.uo3@regione.sicilia.it e museo.messina.uo3@regione.sicilia.it",http://www.regione.sicilia.it/beniculturali/dirbenicult/database/page_musei/pagina_musei.asp?ID=6&amp;IdSito=127
11,Monumentale,Palermo,Palermo,Real Albergo dei Poveri,Corso Calatafimi 217,091422314,"Da martedÃ¬ a sabato, dalle 9.30 alle 18,30. Domeniche e festivi dalle 9,30 alle 13,30. LunedÃ¬ chiuso",,,"Sede espositiva per mostre temporanee, dipendente dal Polo regionale di Palermo per i Parchi e i Musei archeologici",http://www.regione.sicilia.it/beniculturali/dirbenicult/database/page_musei/pagina_musei.asp?ID=171&amp;IdSito=131
12,Aree archeologiche,Palermo,Palermo,Villino Florio e Giardino,Via Regina Margherita,0917025471 - 0917071425,Da martedÃ¬ a sabato dalle 9.00 alle 13.00. Prima domenica del mese ingresso gratuito dalle 9.00 alle 13.30 (chiusura biglietteria 30 minuti prima). LunedÃ¬ chiuso,Gratuito,Gratuito,,http://www.regione.sicilia.it/beniculturali/dirbenicult/database/page_musei/pagina_musei.asp?ID=176&amp;IdSito=119
13,Monumentale,Palermo,Palermo,Chiostro di San Giovanni degli Eremiti,Via dei Benedettini 20,0917071425 - 0916515019  - 0917071411,"Da lunedÃ¬ a sabato 9,00-19,00 (ultimo ingresso 18,30) domenica e festivi 9,00-13,30 (ultimo ingresso 13,00)","6,00 â‚¬","3,00 â‚¬",Prima domenica del mese ingresso gratuito,http://www.regione.sicilia.it/beniculturali/dirbenicult/database/page_musei/pagina_musei.asp?ID=48&amp;IdSito=58
14,Monumentale,Messina,Villafranca Tirrena,Castello di Bauso,Piazza Castello,090334948,Da lunedÃ¬ a venerdÃ¬ dalle 9 alle 13. MercoledÃ¬ dalle 15.30 alle 17.30. Domenica e festivi su prenotazione. Rivolgersi alla Pro loco (3933687036) o allâ€™Ufficio del Turismo (0903310311),Gratuito,Gratuito,,
15,Aree archeologiche,Enna,Piazza Armerina,Museo regionale della Villa Romana del Casale a Piazza Armerina,"Piazza Armerina, Piazza Cattedrale 20 - Palazzo Trigona",0935687667,Non aperto al pubblico,,,Museo in allestimento. Per informazioni urpmuseo.casale@regione.sicilia.it oppure visita www.villaromanadelcasale.it.,http://www.regione.sicilia.it/beniculturali/dirbenicult/database/page_musei/pagina_musei.asp?ID=39&amp;IdSito=124
16,Aree archeologiche,Palermo,Cefala' Diana,Bagni di CefalÃ  Diana,CefalÃ  Diana (seguire indicazioni),0917071425 - Rangers 0918291551,"giovedÃ¬ e sabato 9,00-19,00; martedÃ¬, mercoledÃ¬ e venerdÃ¬ 9,00-14,00. Prima domenica del mese 9.00-13.30. Ultimo ingresso 30 minuti prima della chiusura. LunedÃ¬ chiuso",Gratuito,Gratuito,,http://www.regione.sicilia.it/beniculturali/dirbenicult/database/page_musei/pagina_musei.asp?ID=324&amp;IdSito=156
17,Aree archeologiche,Agrigento,Licata,Area archeologica di Monte Sant'Angelo e Castel Sant'Angelo,Zona archeologica di Castel Sant'Angelo - Licata,0922772602,"Da LunedÃ¬ al Sabato dalle ore 9,00 alle ore 13,30. Tutte le Domeniche e le FestivitÃ  chiusura totale",Gratuito,Gratuito,,http://www.regione.sicilia.it/beniculturali/dirbenicult/database/page_musei/pagina_musei.asp?ID=160&amp;IdSito=14
18,Parco naturalistico,Messina,Taormina,Giardino di Villa Caronia,Via Pirandello 107 - Taormina - Sicily - Italy,Direzione Tel : 0942628738 Fax : 0942628738,www.parconaxostaormina.it - Aperto da Lunedi a Venerdi dalle 9.30 alle 13.30 - Chiuso Sabato e Domenica.,Gratuito,Gratuito,"Audio Tour 
LINK IZI.travel 
https://izi.travel/it/italia/guide-di-citta-in-sicilia-taormina
Scarica App su iziTRAVEL",
19,Aree archeologiche,Agrigento,Licata,Area archeologica di Licata,Contrada Stagnone - Pontillo,0922772602,"Nei giorni 16 aprile, 17 aprile, 23 aprile, 25 aprile, 30 aprile, 1 maggio 2017 l'area archeologica rimarrÃ  chiusa",Gratuito,Gratuito,,http://www.regione.sicilia.it/beniculturali/dirbenicult/database/page_musei/pagina_musei.asp?ID=157&amp;IdSito=11
20,Zone archeologiche e Antiquarium,Messina,Patti,Area archeologica Teatro antico e Antiquarium di Tindari,Via del Teatro Greco - LocalitÃ  Tindari,0941369023,"maggio, giugno, luglio e agosto ore 09:00/19:00. Dal 1 al 15 settembre ore 09:00/18:30; dal 16 al 30 settembre ore 09:00/18:00.","6,00 â‚¬","3,00 â‚¬","Dal 1 settembre 2015 Ã¨ istituito il biglietto unico per la visita della Villa Romana di Patti Marina e dell'area archeologica di Tindari (tariffa intera di â‚¬ 8,00 e ridotta di â‚¬ 4,00), la cui validitÃ  Ã¨ di tre giorni dalla data di emissione.",http://www.regione.sicilia.it/beniculturali/dirbenicult/database/page_musei/pagina_musei.asp?ID=46&amp;IdSito=48
21,Aree archeologiche,Catania,Adrano,Mura Dionigiane,Via Catania,3315771468,In atto chiuse al pubblico,Ingresso libero,Ingresso libero,,http://www.regione.sicilia.it/beniculturali/dirbenicult/database/page_musei/pagina_musei.asp?ID=167&amp;IdSito=36
22,Musei archeologici,Ragusa,Ragusa,Museo regionale di Kamarina,S.P. 102 Km.1 C.da Cammarana-Ragusa. Indirizzo postale 97019 Scoglitti (RG) c.p. n.60. Mail museo.camarina@regione.sicilia.it,0932 826004,Aperto tutti i giorni feriali dalle 9.00 alle 14.00 e dalle 15.00 alle 19.00. Apertura festiva solo la prima domenica del mese,"4,00 â‚¬","2,00 â‚¬",Dipende dal Polo regionale di Ragusa per i siti archeologici e per i Parchi archeologici di Kamarina e Cava Ispica,http://www.regione.sicilia.it/beniculturali/dirbenicult/database/page_musei/pagina_musei.asp?ID=29&amp;IdSito=121
23,Antiquaria,Agrigento,Ravanusa,Zona Archeologica,Monte Saraceno - Ravanusa,Centralino Soprintendenza BB.CC.AA. di Agrigento 0922552611,"Giorni feriali:aperto tutti i giorni dalle 8,30 alle 19.
Domeniche e festivitÃ  infrasettimanale:chiuso",Gratuito,Gratuito,,http://www.regione.sicilia.it/beniculturali/dirbenicult/database/page_musei/pagina_musei.asp?ID=327&amp;IdSito=161
24,Musei e Gallerie,Agrigento,Agrigento,Biblioteca - Museo regionale Luigi Pirandello di Agrigento,Casa Natale di Luigi Pirandello - Contrada Caos Villaseta,0922511826 e-mail: polomuseale.ag.uo3@regione.sicilia.it,"Aperta dal lunedÃ¬ al sabato dalle 9,00 alle 13,30 e dalle 14,30 alle 19,30 (ultimo ingresso mezz'ora prima della chiusura). Domenica e festivi dalle 9,00 alle 13,30.
Prima domenica del mese ingresso gratuito.","4,00 â‚¬","2,00 â‚¬","Il 6 luglio 2017 la ''Casa natale'' sarÃ  aperta al pubblico soltanto dalle 9,00 alle 13,30 (ultimo ingresso mezz'ora prima della chiusura). Chiusura al pubblico dalle ore 14,00.",http://www.regione.sicilia.it/beniculturali/dirbenicult/database/page_musei/pagina_musei.asp?ID=1&amp;IdSito=6
25,Musei archeologici e Zone archeologiche,Palermo,Lercara Friddi,Parco archeologico-industriale e museo della zolfara di Lercara Friddi,Via Vittorio Emanuele III 52 - Villa Rose-Gardner,091 8252212 - 3346476411,"Chiuso, in allestimento",,,,http://www.regione.sicilia.it/beniculturali/dirbenicult/database/page_musei/pagina_musei.asp?ID=316&amp;IdSito=153
26,Aree archeologiche,Catania,Catania,Terme della Rotonda,Via della Mecca,095/7150508 - polomuseale.ct@regione.sicilia.it; poloregionalect.urp@regione.sicilia.it,Tutti i mercoledÃ¬ e tutte le domeniche dalle ore 9.00 alle 13.00.,Gratuito,Gratuito,,http://www.regione.sicilia.it/beniculturali/dirbenicult/database/page_musei/pagina_musei.asp?ID=150&amp;IdSito=33
27,Antiquaria,Agrigento,Sambuca di Sicilia,Antiquarium di Monte Adranone,Antiquarium Palazzo Panitteri e Zona archeologica Monte Adranone in Sambuca di Sicilia,0925946083,"Orario di apertura al pubblico da MartedÃ¬ al Sabato dalle 8,00 alle 19,30. La prima Domenica di ogni mese apertura al pubblico dalle 8,00 alle 14,00. Tutti i LunedÃ¬, le altre Domeniche e le FestivitÃ  chiusura totale","6,00 â‚¬","3,00 â‚¬","Il Museo Archeologico Palazzo Panitteri Ã¨ gestito dal Comune di Sambuca di Sicilia.
Il biglietto comprende l'ingresso a Monte Adranone - Palazzo Panitteri in Sambuca di Sicilia e Antiquarium di Monte Kronio in Sciacca.",http://www.regione.sicilia.it/beniculturali/dirbenicult/database/page_musei/pagina_musei.asp?ID=156&amp;IdSito=13
28,Aree archeologiche,Catania,Catania,Terme Romane dell'Indirizzo,Piazza CurrÃ²,095/7150508- polomuseale.ct@regione.sicilia.it; poloregionalect.urp@regione.sicilia.it,Le Terme Romane dell'Indirizzo sono visitabili su prenotazione,Gratuito,Gratuito,,http://www.regione.sicilia.it/beniculturali/dirbenicult/database/page_musei/pagina_musei.asp?ID=151&amp;IdSito=31
29,Antiquaria,Agrigento,Sciacca,Antiquarium di Monte Kronio - Stufe di S. Calogero,Monte Cronio - Sciacca,092528989,"Da lunedÃ¬ a venerdÃ¬ dalle 9 alle 19.30. Sabato dalle 9 alle 13.30. La prima Domenica di ogni mese apertura al pubblico dalle 9.00 alle 13.00.Tutte le altre Domeniche, comprese le FestivitÃ , chiusura totale","4,00 â‚¬","2,00 â‚¬","E' possibile acquistare il biglietto cumulativo (intero â‚¬ 6,00, ridotto â‚¬ 3,00) per la visita di Monte Adranone e Palazzo Panitteri in Sambuca di Sicilia e Antiquarium di Monte Kronio in Sciacca.",http://www.regione.sicilia.it/beniculturali/dirbenicult/database/page_musei/pagina_musei.asp?ID=155&amp;IdSito=95
30,Musei archeologici,Messina,Lipari,Museo archeologico regionale Bernabo' Brea a Lipari,"Via del Castello, 2 98055 LIPARI",0909880174/594 fax 0909880175,"Aperto tutti i giorni feriali dalle 9,00 alle 19,30 (ultimo ingresso ore 18,30). 
Domenica e Festivi aperto dalle 9,00 alle 13,30.","6,00 â‚¬","3,00 â‚¬",Ingresso gratuito nella prima domenica di ogni mese.,http://www.regione.sicilia.it/beniculturali/dirbenicult/database/page_musei/pagina_musei.asp?ID=26&amp;IdSito=45
31,Aree archeologiche,Enna,Aidone,Area archeologica di Morgantina,Contrada Morgantina,093587955,"Aperta tutti i giorni, compresi i festivi, dalle 11,00 alle 19,00,(orario continuato)ultimo ingresso alle ore 18.00","6,00 â‚¬","3,00 â‚¬","Vendita biglietti ridotti e cumulativi di due o tre siti tra: Area di Morgantina, Museo di Aidone e Villa del Casale.",http://www.regione.sicilia.it/beniculturali/dirbenicult/database/page_musei/pagina_musei.asp?ID=40&amp;IdSito=41
32,Musei archeologici,Agrigento,Ravanusa,"Museo archeologico ""Salvatore Lauricella""",Corso della Repubblica 27 - Ravanusa,Comune di Ravanusa (AG),"Tutti i giorni dalle 8,30 alle 13,30 con esclusione dei giorni festivi",Gratuito,Gratuito,,http://www.regione.sicilia.it/beniculturali/dirbenicult/database/page_musei/pagina_musei.asp?ID=328&amp;IdSito=173
33,Aree archeologiche,Agrigento,Agrigento,Valle dei Templi di Agrigento,"Via Panoramica dei Templi, snc (Casa Sanfilippo)",Vedi sito Internet del Parco Archeologico,Vedi sito Internet del Parco Archeologico,"10,00 â‚¬","5,00 â‚¬",,http://www.regione.sicilia.it/beniculturali/dirbenicult/database/page_musei/pagina_musei.asp?ID=34&amp;IdSito=8
34,Aree archeologiche,Siracusa,Palazzolo Acreide,Area archeologica di Akrai,Colle dell'Acromonte,0931876602,"Tutti i giorni dalle 8,30 alle 19.00 (chiusura biglietteria 18.00)","4,00 â‚¬","2,00 â‚¬","biglietto cumulativo con Casa Museo Uccello â‚¬ 5.00 ridotto 2,50",http://www.regione.sicilia.it/beniculturali/dirbenicult/database/page_musei/pagina_musei.asp?ID=56&amp;IdSito=85
35,Monumentale,Agrigento,Agrigento,Santa Maria dei Greci,Via Santa Maria dei Greci,Centralino Soprintendenza BB.CC.AA. di Agrigento 0922552611,"Giorni feriali:aperto tutti i giorni dalle 8,30 alle 19
Aperto la prima domenica del mese dalle 8,30 alle 13,30 (il lunedÃ¬ successivo dalle 8,30 alle 13,30)",Gratuito,Gratuito,Si comunica che il sito resterÃ  chiuso giorno 14 luglio 2017 per intervento di disinfestazione e derattizzazione,
36,Musei archeologici,Enna,Enna,Museo regionale interdisciplinare di Enna,Piazza Mazzini 8,09355076304 - fax 09355076323,"Da lunedÃ¬ a sabato, dalle 9,00 alle 18,00 (uscita entro le 19.00. Festivi soltanto la prima domenica del mese, con ingresso sempre gratuito.",Gratuito,Gratuito,Dall'8 gennaio: per le avverse condizioni meteorologiche il Museo aprirÃ  soltanto in orario antimeridiano sino a nuova comunicazione,http://www.regione.sicilia.it/beniculturali/dirbenicult/database/page_musei/pagina_musei.asp?ID=21&amp;IdSito=39
37,Aree archeologiche,Messina,Tusa,Area archeologica Halaesa Arconidea,Contrada Santa Maria delle Palate,"Si informa che per la temporanea disattivazione delle linee telefoniche di rete fissa, le comunicazioni potranno essere inviate alle caselle polomuseale.me.uo3@regione.sicilia.it e museo.messina.uo3@regione.sicilia.it","Orario di apertura: Da martedÃ¬ a domenica dalle 9,00 alle 18,30. Orario biglietteria 9,00/18,00",Gratuito,Gratuito,Giorni 8 e 9 maggio 2017: il sito sarÃ  chiuso al pubblico per disinfestazione.,http://www.regione.sicilia.it/beniculturali/dirbenicult/database/page_musei/pagina_musei.asp?ID=45&amp;IdSito=52
38,Aree archeologiche,Caltanissetta,Caltanissetta,Area archeologica Gibil Gabib,Contrada Gibil - Gabib,0934554964,Visitabile su prenotazione inviando richiesta a: sopricl@regione.sicilia.it,Gratuito,Gratuito,Per ragioni di sicurezza il sito non Ã¨ temporaneamente visitabile.,http://www.regione.sicilia.it/beniculturali/dirbenicult/database/page_musei/pagina_musei.asp?ID=163&amp;IdSito=18
39,Aree archeologiche,Trapani,Castelvetrano,Area archeologica Selinunte,Via Selinunte,092446277,"Apertura alle 9,00. Dal 1 marzo chiusura alle ore 17.00 (uscita entro le 18.00). Dal 26 marzo chiusura alle ore 18.00 (uscita entro le 19.00).","6,00 â‚¬","3,00 â‚¬","ModalitÃ  di pagamento ingresso alle aree del Parco: CONTANTI: allo sportello della biglietteria, POS allo sportello della biglietteria; BONIFICO BANCARIO (istruzioni sulla pagina del Parco)",http://www.regione.sicilia.it/beniculturali/dirbenicult/database/page_musei/pagina_musei.asp?ID=58&amp;IdSito=92
40,Aree archeologiche e Antiquarium,Caltanissetta,Caltanissetta,Area archeologica e Antiquarium di Sabucina,Contrada Sabucina,0934554964,Visitabile su prenotazione inviando richiesta a: sopricl@regione.sicilia.it,Gratuito,Gratuito,Per ragioni di sicurezza il sito non Ã¨ temporaneamente visitabile.,http://www.regione.sicilia.it/beniculturali/dirbenicult/database/page_musei/pagina_musei.asp?ID=36&amp;IdSito=17
41,Aree archeologiche e Antiquarium,Palermo,Santa Flavia,Area archeologica e Antiquarium di Solunto,Via Collegio Romano - localitÃ  Solunto,UFFICIO AMMINISTRATIVO 091905043 - AREA PARCO ARCHEOLOGICO 091909339,Dalle 9.30 alle 19.30. Domenica e festivi dalle 9.30 alle 13.30. LunedÃ¬ chiuso. Ultimo ingresso sempre un'ora prima.,"4,00 â‚¬","2,00 â‚¬",Dipende dal Polo regionale di Palermo per i Parchi e i Musei archeologici. La Prima domenica di ogni mese l'ingresso Ã¨ gratuito.,http://www.regione.sicilia.it/beniculturali/dirbenicult/database/page_musei/pagina_musei.asp?ID=51&amp;IdSito=62
42,Musei archeologici,Enna,Centuripe,Museo archeologico regionale di Centuripe,Via SS. Crocifisso 1,093573079,Tutti i giorni dalle 9.00 alle 19.00.,Gratuito,Gratuito,,http://www.regione.sicilia.it/beniculturali/dirbenicult/database/page_musei/pagina_musei.asp?ID=317&amp;IdSito=154
43,Aree archeologiche,Messina,Taormina,Teatro Greco Romano di Taormina,Via del Teatro Greco 40 - Taormina - Sicily - Italy,Direzione 0942 628738 / Biglietteria Teatro 094223220 / Uffici Teatro 094224291,"Aperto tutti i giorni dalle 9.00 ad un'ora prima del tramonto
www.parconaxostaormina.it, vedi Orari e modalitÃ  di visita.","10,00 â‚¬","5,00 â‚¬","Audio Tour
LINK IZI.travel 
https://izi.travel/it/italia/guide-di-citta-in-sicilia-taormina
Scarica App su iziTRAVEL",http://www.regione.sicilia.it/beniculturali/dirbenicult/database/page_musei/pagina_musei.asp?ID=43&amp;IdSito=50
44,Aree archeologiche,Palermo,Caccamo,Castello medievale di Caccamo,Via del Castello,"Ufficio Turismo   Tel. 0918103207/221   turismo@comune.caccamo.pa.it

Biglietteria Castello   Tel. 091/8149252

castello@comune.caccamo.pa.it","Da martedÃ¬ a domenica, dalle 9.00 alle 13.00 e dalle 15.00 alle 19","4,00 â‚¬","2,00 â‚¬",,http://www.regione.sicilia.it/beniculturali/dirbenicult/database/page_musei/pagina_musei.asp?ID=325&amp;IdSito=130
45,Monumentale,Palermo,Palermo,Convento della Magione,Piazza Magione,0917071425  - 0917071411,"martedÃ¬ e sabato ore 9,00-19,00 (ultimo ingresso ore 18,30): lunedÃ¬, mercoledÃ¬, giovedÃ¬, venerdÃ¬ ore 9,00-13,30 (ultimo ingresso ore 13,00); domenica e festivi chiuso",Gratuito,Gratuito,,http://www.regione.sicilia.it/beniculturali/dirbenicult/database/page_musei/pagina_musei.asp?ID=97&amp;IdSito=111
46,Monumentale,Palermo,Palermo,Giardino di Villa Napoli e Piccola Cuba,Via F. Speciale,3346001743 - 0917071425,Visitabile su prenotazione,Gratuito,Gratuito,,http://www.regione.sicilia.it/beniculturali/dirbenicult/database/page_musei/pagina_musei.asp?ID=12&amp;IdSito=109
47,Aree archeologiche,Palermo,Palermo,Area archeologica monumentale di Castello a Mare,Via Crispi (ingresso Via Patti),0917071317/411,"Da martedÃ¬ a sabato, dalle 9.30 alle 18,30. Domeniche e festivi dalle 9,30 alle 13,30. LunedÃ¬ chiuso","2,00 â‚¬","1,00 â‚¬",Dipende dal Polo regionale di Palermo per i Parchi e i Musei Archeologici,http://www.regione.sicilia.it/beniculturali/dirbenicult/database/page_musei/pagina_musei.asp?ID=92&amp;IdSito=59
48,Musei archeologici,Agrigento,Licata,Museo archeologico regionale della Badia,Via Dante 12 - Licata,0922 772602,"Da MartedÃ¬ al Sabato dalle ore 9,00 alle ore 13,00. Il GiovedÃ¬ e il Sabato apertura anche il pomeriggio dalle ore 16,00 alle ore 18,00. Tutte le Domeniche, i LunedÃ¬ e le FestivitÃ  chiusura totale",Gratuito,Gratuito,,http://www.regione.sicilia.it/beniculturali/dirbenicult/database/page_musei/pagina_musei.asp?ID=17&amp;IdSito=10
49,Aree archeologiche,Catania,Mineo,Area archeologica di Palike',Contrada Rocchicella,3315771468,"Chiusa lunedÃ¬, domenica e festivi. Aperta da martedÃ¬ a sabato dalle 9 alle 13.00; mercoledÃ¬ dalle 9 alle alle 17.30.",Gratuito,Gratuito,"Giorno 17 maggio 2017, in occasione della festa del Santo Patrono a Mineo, il sito archeologico di PalikÃ¨ rimarrÃ  chiuso",http://www.regione.sicilia.it/beniculturali/dirbenicult/database/page_musei/pagina_musei.asp?ID=38&amp;IdSito=37
50,Musei e Gallerie,Palermo,Palermo,Castello della Favara a Maredolce,Via Giafar - svincolo Porto,0917071425 - 3357957161,"Aperto da lunedÃ¬ a sabato e ogni prima domenica del mese, con i seguenti orari: lunedÃ¬, mercoledÃ¬, giovedÃ¬, venerdÃ¬ e prima domenica dalle 9 alle 13, martedÃ¬ e sabato dalle 9 alle 18.30",Gratuito,Gratuito,"Il sito sarÃ  chiuso al pubblico dal 20 giugno al 4 luglio 2017 per lo svolgimento del Workshop internazionale: ''Maredolce - La Favara. Un nuovo paesaggio per Brancaccio, Palermo''.",http://www.regione.sicilia.it/beniculturali/dirbenicult/database/page_musei/pagina_musei.asp?ID=173&amp;IdSito=134
51,Aree archeologiche,Palermo,Palermo,Castello della Cuba e Necropoli Punica,Corso Calatafimi 100,0917071425 - 091590299,"da lunedÃ¬ a sabato ore 9,00-19,00 (ultimo ingresso 18,30), domenica e festivi chiuso. Prima domenica del mese ingresso gratuito ore 9,00-13,30 (ultimo ingresso 13,00).  Pasqua, LunedÃ¬ dell'Angelo e 25 aprile: chiusura","2,00 â‚¬","1,00 â‚¬","Necropoli Punica: Pasqua, Pasquetta, 25 aprile e 1 maggio aperto dalle 9.30 dalle 13.30.",http://www.regione.sicilia.it/beniculturali/dirbenicult/database/page_musei/pagina_musei.asp?ID=47&amp;IdSito=57
52,Musei archeologici,Caltanissetta,Marianopoli,Museo archeologico regionale di Marianopoli,Viale Regione Siciliana,0934554964,"GIUGNO-LUGLIO da martedÃ¬ a domenica dalle ore 9.00 alle ore 13.00 e dalle ore 15.30 alle ore 19.00
Chiuso tutti i lunedÃ¬",Gratuito,Gratuito,,http://www.regione.sicilia.it/beniculturali/dirbenicult/database/page_musei/pagina_musei.asp?ID=20&amp;IdSito=26
53,Musei e Gallerie,Palermo,Palermo,Museo regionale Palazzo Mirto,"Via Merlo 2, Palermo","tel e fax 0916164751; tel 0916167541
e-mail: polomuseale.pa.uo4@regione.sicilia.it
https://www.facebook.com/pages/CASA-MUSEO-Palazzo-MIRTO/265051623703706","LunedÃ¬ chiusura settimanale. Da martedÃ¬ a sabato 9,00 - 18,00; domenica e festivi 9,00 - 13,00. La prima domenica di ogni mese ingresso gratuito. 26 e 27 giugno chiusura per disinfestazione","6,00 â‚¬","3,00 â‚¬","Biglietto cumulativo â‚¬ 10,00 (vaiditÃ  3 giorni) per Palazzo Mirto, Palazzo Abatellis, Oratorio dei Bianchi.",http://www.regione.sicilia.it/beniculturali/dirbenicult/database/page_musei/pagina_musei.asp?ID=10&amp;IdSito=55
54,Musei e Gallerie,Palermo,Palermo,Oratorio dei Bianchi,Piazzetta dei Bianchi,"Telefono 0916173080 fax 0916165305 Mail:polomuseale.pa@regione.sicilia.it
Urp 0916230068","Dal martedÃ¬ alla domenica 10.00-13.30 / 16.30-20.00 - LunedÃ¬ chiuso.
Orario valido esclusivamente per il periodo della mostra","8,00 â‚¬","6,00 â‚¬","Mostra ''Serpotta e il suo Tempo'' 23 giugno-1 ottobre 2017
Info e prenotazioni 0918887767",http://www.regione.sicilia.it/beniculturali/dirbenicult/database/page_musei/pagina_musei.asp?ID=142&amp;IdSito=113
55,Monumentale,Palermo,Palermo,Casina Cinese,Via Duca degli Abruzzi,091 7071317/411,Da martedÃ¬ a sabato dalle 9.00 alle 19.00 (chiusura biglietteria 30 minuti prima). Aperta prima domenica del mese dalle 9.00 alle 13.30.,Gratuito,Gratuito,"Prima domenica del mese ingresso gratuito (ore 9,00-13,30)",http://www.regione.sicilia.it/beniculturali/dirbenicult/database/page_musei/pagina_musei.asp?ID=141&amp;IdSito=133
56,Aree archeologiche e Antiquarium,Siracusa,Augusta,Area archeologica e Antiquarium di Megara Hyblaea,Contrada Megara Giannalena,09314508211,"Dal lunedÃ¬ al sabato dalle 8,30 alle 19,00 chiusura biglietteria 18,00. 
Festivi:  2 luglio apertura 8.30- 19.00(chiusura biglietteria 18.00), 
altre domeniche 8.30- 13.30 (chiusura biglietteria 13,00)","4,00 â‚¬","2,00 â‚¬",,http://www.regione.sicilia.it/beniculturali/dirbenicult/database/page_musei/pagina_musei.asp?ID=95&amp;IdSito=79
57,Aree archeologiche,Trapani,Pantelleria,Area archeologica dell'Antica Cossyra,Contrada Mursia,0923808111,,Gratuito,Gratuito,,http://www.regione.sicilia.it/beniculturali/dirbenicult/database/page_musei/pagina_musei.asp?ID=184&amp;IdSito=108
58,Musei archeologici,Siracusa,Siracusa,Museo archeologico regionale Paolo Orsi di Siracusa,Viale Teocrito 66,"0931489511 fax 0931489532

APERTURA STRAORDINARIA lunedÃ¬ 24 Aprile e 1 maggio ore 9-14","LunedÃ¬ chiusura. Da martedÃ¬ a sabato dalle 9.00 alle 19.00. Festivi dalle 9.00 alle 14.00. Ultimo ingresso un'ora prima. Orari Numismatica: da martedÃ¬ a sabato dalle 9.00 alle 13.30, mercoledÃ¬ dalle 9.00 alle 17.30.","8,00 â‚¬","4,00 â‚¬","L'acquisto di biglietti non puÃ² piÃ¹ essere effettuato tramite bonifico sul contocorrente dell'amministrazione regionale. Per informazioni rivolgersi al concessionario THEKEY srl, amministrazione@thekeygroup.eu",http://www.regione.sicilia.it/beniculturali/dirbenicult/database/page_musei/pagina_musei.asp?ID=30&amp;IdSito=71
59,Aree archeologiche,Messina,Milazzo,Antiquarium di Milazzo,Via Impallomeni 16,0909223471,Da martedÃ¬ al sabato ore 09:00/19:00; festivi e lunedi ore 09:00/13:00.,Gratuito,Gratuito,,http://www.regione.sicilia.it/beniculturali/dirbenicult/database/page_musei/pagina_musei.asp?ID=191&amp;IdSito=152
60,Aree archeologiche,Ragusa,Ragusa,Area archeologica Agora',"S.P. 102 - Km.1,5",0932 826004,Chiusa per lavori di messa in sicurezza,Unico con Museo di Kamarina,Unico con Museo di Kamarina,,http://www.regione.sicilia.it/beniculturali/dirbenicult/database/page_musei/pagina_musei.asp?ID=177&amp;IdSito=125
61,Aree archeologiche,Siracusa,Carlentini,Area archeologica di Leontinoi,Contrada San Mauro - Carlentini,0957832962 (presso Museo),"MartedÃ¬, giovedÃ¬ dalle 8.30 alle 13.45 (chiusura biglietteria ore 13.00).
giovedÃ¬ 27 e festivi CHIUSO",Gratuito,Gratuito,,http://www.regione.sicilia.it/beniculturali/dirbenicult/database/page_musei/pagina_musei.asp?ID=180&amp;IdSito=81
62,Aree archeologiche,Caltanissetta,Gela,Area archeologica Bosco Littorio (Emporio Greco) di Gela,LocalitÃ  Bosco Littorio,0933912626,Chiuso temporaneamente,,,,http://www.regione.sicilia.it/beniculturali/dirbenicult/database/page_musei/pagina_musei.asp?ID=146&amp;IdSito=24
63,Monumentale,Messina,Montalbano Elicona,Castello di Montalbano Elicona,Via Castello,"09036746433, URP della Soprintendenza di Messina","Da lunedÃ¬ a venerdi dalle ore 09:00 alle ore 13:00 e dalle ore 14:00 alle ore 18:00.
Nei festivi dalle ore 09:00 alle ore 18:00 open day.
L'apertura sarÃ  prolungata nel periodo estivo","3,00 â‚¬","1,50 â‚¬","Nei giorni di chiusura visitabile su prenotazione, tramite Ufficio del Turismo del Comune (0941678019; 0941670081)",
64,Aree archeologiche,Palermo,Palermo,Castello della Zisa,Piazza Zisa,0916520269 - 0917071411,"Da lunedÃ¬ a sabato 9,00-19,00 (ultimo ingresso 18,30) domenica e festivi 9,00-13,30 (ultimo ingresso 13,00)","6,00 â‚¬","3,00 â‚¬",,http://www.regione.sicilia.it/beniculturali/dirbenicult/database/page_musei/pagina_musei.asp?ID=11&amp;IdSito=56
65,Aree archeologiche,Catania,Catania,Anfiteatro Romano di Catania,Piazza Stesicoro,095/7150508 polomuseale.ct@regione.sicilia.it; poloregionalect.urp.@regione.sicilia.it,"Da martedÃ¬ a sabato dalle ore 9.00 alle ore 13.00 e dalle ore 14.30 alle ore 19.00.
Giorni di chiusura:lunedÃ¬ e domenica.",Gratuito,Gratuito,,http://www.regione.sicilia.it/beniculturali/dirbenicult/database/page_musei/pagina_musei.asp?ID=147&amp;IdSito=28
66,Aree archeologiche,Trapani,Favignana,Grotta del Genovese - Levanzo,,0923808111,Visitabile su prenotazione,Gratuito,Gratuito,Previa prenotazione escluso i festivi. La visita dura 2 ore ed Ã¨ guidata,http://www.regione.sicilia.it/beniculturali/dirbenicult/database/page_musei/pagina_musei.asp?ID=190&amp;IdSito=90
67,Musei archeologici,Trapani,Marsala,Museo archeologico regionale Lilibeo Marsala - Baglio Anselmi,Lungomare Boeo 30 â€“ 91025 MARSALA,0923 952535 - per le visite su prenotazione rivolgersi al personale o telefonare allo 0923 952535,"MUSEO: martedÃ¬, domenica e festivi ore 9.00-13.30 (ultimo 12.30); da mercoledÃ¬ a sabato 9.00-18.30 (ultimo 17.30). AREA ARCHEOLOGICA: martedÃ¬, domenica e festivi 9.00-12.30; da MercoledÃ¬ a sabato 9.00-17.30 (ultimo 16.30). Chiusura il LunedÃ¬","4,00 â‚¬","2,00 â‚¬","GROTTA DELLA SIBILLA: da martedÃ¬ a venerdÃ¬ 9.00-13.00 (Visite su richiesta).
IPOGEO CRISPIA SALVIA: da martedÃ¬ a venerdÃ¬ 9.00-13.00 (Visite su prenotazione).
Chiusura il LunedÃ¬. Orari in vigore dal 18 aprile 2017",http://www.regione.sicilia.it/beniculturali/dirbenicult/database/page_musei/pagina_musei.asp?ID=32&amp;IdSito=88
68,Aree archeologiche,Trapani,Campobello di Mazara,Area archeologica Cave di Cusa Vincenzo Tusa,S.P. Tre Fontane,092446277,"Apertura alle 9,00. Apertura alle 9,00. Dal 1 marzo chiusura alle ore 13.00 (uscita entro le 14.00).","2,00 â‚¬","1,00 â‚¬","ModalitÃ  di pagamento ingresso alle aree del Parco: CONTANTI: allo sportello della biglietteria, POS allo sportello della biglietteria; BONIFICO BANCARIO (istruzioni sulla pagina del Parco)",http://www.regione.sicilia.it/beniculturali/dirbenicult/database/page_musei/pagina_musei.asp?ID=183&amp;IdSito=89
69,Musei archeologici,Ragusa,Ragusa,Museo regionale interdisciplinare di Ragusa,Via Natalelli,0932622963 - fax 0932622963,"Tutti i giorni feriali dalle ore 9,00 alle 18.30. Apertura festiva solo la prima domenica di ogni mese",Gratuito,Gratuito,Dipende dal Polo regionale di Ragusa per i siti archeologici e per i Parchi archeologici di Kamarina e Cava Ispica,http://www.regione.sicilia.it/beniculturali/dirbenicult/database/page_musei/pagina_musei.asp?ID=28&amp;IdSito=67
70,Musei archeologici,Siracusa,Lentini,Museo archeologico regionale di Lentini,Via Museo 1,0957832962,"LunedÃ¬ chiuso. Dal martedÃ¬ al sabato dalle 9.00 alle 19.00 (chiusura biglietteria 18.00).
Domenica 2-9-30 luglio dalle 9.00 alle 13.30 (chiusura biglietteria 13.00)",Gratuito,Gratuito,,http://www.regione.sicilia.it/beniculturali/dirbenicult/database/page_musei/pagina_musei.asp?ID=31&amp;IdSito=80
71,Aree archeologiche,Siracusa,Siracusa,Ginnasio Romano,Via Elorina,09314508211,CHIUSO,Gratuito,Gratuito,,http://www.regione.sicilia.it/beniculturali/dirbenicult/database/page_musei/pagina_musei.asp?ID=181&amp;IdSito=76
72,Musei e Gallerie,Palermo,Palermo,Museo regionale d'Arte moderna e contemporanea di Palermo,Corso Vittorio Emanuele n. 365(Piazza Bologni),091320532 fax 0916090166,"MartedÃ¬, mercoledÃ¬ e domenica ore 10,00-20,00(la biglietteria chiude 30 minuti prima); giovedi, venerdÃ¬ e sabato ore 10,00-24,00(la biglietteria chiude 30 minuti prima). LunedÃ¬ chiuso eccetto i festivi. La biglietteria chiude 30 minuti prima.","6,00 â‚¬","3,00 â‚¬","La prima domenica di ogni mese ingresso gratuito. Prossima festivitÃ : venerdÃ¬ 2 giugno apertura del Museo, orario 10.00-20.00(la biglietteria chiude 30 minuti prima).",http://www.regione.sicilia.it/beniculturali/dirbenicult/database/page_musei/pagina_musei.asp?ID=9&amp;IdSito=112
73,Musei e Gallerie,Trapani,Trapani,Museo regionale Agostino Pepoli di Trapani - Museo interdisciplinare,Via Conte Pepoli 180,0923553269 - fax 0923535444,"LUNEDI'CHIUSO. Apertura da mercoledÃ¬ a sabato dalle 9,00 alle 17.30;marterdÃ¬ dalle 9,00 alle 13,30; domeniche e festivi dalle ore 9,00 alle 12,30. La biglietteria termina il servizio mezz'ora prima della chiusura.","6,00 â‚¬","3,00 â‚¬",,http://www.regione.sicilia.it/beniculturali/dirbenicult/database/page_musei/pagina_musei.asp?ID=14&amp;IdSito=86
74,Musei e Gallerie,Catania,Caltagirone,Museo regionale della Ceramica di Caltagirone,Giardino Pubblico ''Vittorio Emanuele'' fino al 19 marzo 2017 (succesivamente anche da Via Roma ''Teatrino del Bonaiuto''),093358418 - 093358423 fax 093326972,Tutti i giorni dalle 9.00 alle 18.30 (ultimo ingresso ore 18.00),"4,00 â‚¬","2,00 â‚¬",Ingresso gratuito ai minori di 18 anni e ai cittadini dell'Unione Europea nel giorno del loro compleanno. Ingresso libero la prima domenica di ogni mese. Visitate la pagina facebook.,http://www.regione.sicilia.it/beniculturali/dirbenicult/database/page_musei/pagina_musei.asp?ID=2&amp;IdSito=38
75,Aree archeologiche,Siracusa,Siracusa,"Area archeologica della Neapolis, Orecchio di Dionisio e Teatro Greco",Via del Teatro Greco,093166206,"Tutti i giorni dalle 8,30 alle 19,45. Chiusura biglietteria 18.30","10,00 â‚¬","5,00 â‚¬","L'acquisto di biglietti non puÃ² piÃ¹ essere effettuato tramite bonifico sul contocorrente dell'amministrazione regionale. Per informazioni rivolgersi al concessionario THEKEY srl, amministrazione@thekeygroup.eu",http://www.regione.sicilia.it/beniculturali/dirbenicult/database/page_musei/pagina_musei.asp?ID=55&amp;IdSito=75
76,Aree archeologiche,Siracusa,Noto,Area archeologica e Villa Romana del Tellaro,Contrada Caddeddi,0931573883,Tutti i giorni dalle 8.30 alle 19.00 (chiusura biglietteria 18.00),Gratuito,Gratuito,,http://www.regione.sicilia.it/beniculturali/dirbenicult/database/page_musei/pagina_musei.asp?ID=53&amp;IdSito=83
77,Aree archeologiche,Catania,Catania,Ipogeo Romano,Via G. Sanfilippo,095/7150508 polomuseale.ct@regione.sicilia.it - poloregionalect.urp@regione.sicilia.it,L'Ipogeo romano Ã¨ visitabile su prenotazione,Gratuito,Gratuito,,http://www.regione.sicilia.it/beniculturali/dirbenicult/database/page_musei/pagina_musei.asp?ID=166&amp;IdSito=30
78,Aree archeologiche,Trapani,Calatafimi Segesta,Area archeologica Segesta,Case Barbaro - contrada Barbaro - S.P.  68,0924952356,"Apertura sempre alle ore 9.00. Chiusure: sino al 28 febbraio ore 17. Dall'1 al 26 marzo ore 18,30; dal 27 marzo al 1 ottobre ore 19.30; dal 2 al 31 ottobre ore 18,30; dal 1 novembre al 31 dicembre ore 17. ULTIMO INGRESSO UN'ORA PRIMA DELLA CHIUSURA.","6,00 â‚¬","3,00 â‚¬",,http://www.regione.sicilia.it/beniculturali/dirbenicult/database/page_musei/pagina_musei.asp?ID=57&amp;IdSito=91
79,Musei e Gallerie,Palermo,Marineo,Castello Beccadelli Bologna,Piazza Castello,0917071425 - 0918726491,Da martedÃ¬ a domenica dalle 9.30 dalle 13.30. MercoledÃ¬ e sabato anche dalle 9.30 alle 18.30. Chiuso il lunedÃ¬,,,Dipende dal Polo regionale di Palermo per i Parchi e i Musei archeologici.,http://www.regione.sicilia.it/beniculturali/dirbenicult/database/page_musei/pagina_musei.asp?ID=101&amp;IdSito=110
80,Musei e Gallerie,Catania,Adrano,Museo regionale di Adrano,Piazza Umberto I,TEL. 0957691622 - 0957602608,Aperto da lunedÃ¬ a sabato dalle ore 9.00 alle ore 19.00. Domenica dalle ore 9.00 alle ore 13.00. La prima domenica del mese dalle 9.00 alle 19.00.Costo 2 euro (prezzo ridotto poichÃ© parte del Museo Ã¨ temporaneamente chiusa),"2,00 â‚¬","2,00 â‚¬",,http://www.regione.sicilia.it/beniculturali/dirbenicult/database/page_musei/pagina_musei.asp?ID=4&amp;IdSito=35
81,Aree archeologiche,Ragusa,Santa Croce Camerina,Area archeologica Caucana,Via delle Anticaglie - Frazione Caucana,347 6974 535 (Distefano),Apertura su prenotazione telefonica. Tutte le domeniche dal 30 Aprile al 30 Giugno dalle ore 10.00 alle 12.30 Nei mesi di Luglio ed Agosto il mattino dalle 10.00 alle 12.30 e nel pomeriggio dalle 17.00 alle 19.30,Ingresso libero,Ingresso libero,gestito dal Comitato Kaukana con indirizzo email comitato.kaukana@gmail.com,http://www.regione.sicilia.it/beniculturali/dirbenicult/database/page_musei/pagina_musei.asp?ID=54&amp;IdSito=70
82,Musei archeologici,Agrigento,Agrigento,Museo archeologico regionale di Agrigento,Contrada San Nicola 12,"0922401565 - fax 092220014
e-mail: polomuseale.ag@regione.sicilia.it","Da lunedÃ¬ a sabato 9,00-19,30; Giorni festivi e domeniche: 9,00-13,30. (Ultimo ingresso mezz'ora prima della chiusura). Biglietto cumulativo Museo-Parco Archeologico e Paesaggistico Valle dei Templi: singolo â‚¬ 13,50, ridotto â‚¬ 7,00.","8,00 â‚¬","4,00 â‚¬",,http://www.regione.sicilia.it/beniculturali/dirbenicult/database/page_musei/pagina_musei.asp?ID=16&amp;IdSito=2
83,Aree archeologiche,Siracusa,Siracusa,Tempio Jonico,Via del Teatro Greco,0931 450811,Chiuso al pubblico per interventi di manutenzione,,,,http://www.regione.sicilia.it/beniculturali/dirbenicult/database/page_musei/pagina_musei.asp?ID=179&amp;IdSito=73
84,Monumentale,Trapani,Favignana,Ex Stabilimento Florio di Favignana,Isola di Favignana,Vedi sito Internet della Soprintendenza BB.CC.AA. di Trapani,"Dall'1 al 9 aprile sabato e domenica (10.00 - 14.00). Dal 15 aprile al 30 maggio tutti i giorni (10.00 - 14.00), dall'1 al 30 giugno chiusura alle 17.00. Da luglio a settembre tutti i giorni (10.30 - 13.30 e 17.00 - 23.00)","6,00 â‚¬","3,00 â‚¬","Per informazioni: Biglietteria del sito, cell. 3245631991",http://www.regione.sicilia.it/beniculturali/dirbenicult/database/page_musei/pagina_musei.asp?ID=186&amp;IdSito=150
85,Musei e Gallerie,Siracusa,Siracusa,Galleria regionale di Palazzo Bellomo di Siracusa â€“ Museo interdisciplinare,Via Capodieci 14-16,"093169511, fax 093169529","Da Marzo a Novembre 2017: da martedÃ¬ a sabato dalle 9.00 alle 19.00. Festivi (tranne prima e terza domenica) apertura dalle 14.00 alle 19.30, prima e terza domenica dalle 9.00 alle 13.30. LunedÃ¬ chiuso.","8,00 â‚¬","4,00 â‚¬","20 settembre 2016 - Per l'acquisto di stock di biglietti rivolgersi al concessionario THEKEY srl, amministrazione@thekeygroup.eu",http://www.regione.sicilia.it/beniculturali/dirbenicult/database/page_musei/pagina_musei.asp?ID=13&amp;IdSito=72
86,Musei e Gallerie,Messina,Messina,Museo regionale interdisciplinare di Messina,Viale della LibertÃ  465,090361292/93,Dal MartedÃ¬ al Sabato ingresso dalle 9.00 alle 18.30 (chiusura 19.00); Domenica e festivi 9.00-12.30 (chiusura 13.00). LunedÃ¬ (non festivi) chiuso.,"8,00 â‚¬","4,00 â‚¬","I giorni 15, 16 e la mattina del 17 giugno il Museo sarÃ  chiuso per l'ultimazione dei preparativi all'apertura dei nuovi settori. Dopo la cerimonia di sabato 17, l'ingresso libero del pubblico sarÃ  garantito dalle 20.30 alle 22.30.",http://www.regione.sicilia.it/beniculturali/dirbenicult/database/page_musei/pagina_musei.asp?ID=5&amp;IdSito=43
87,Aree archeologiche,Agrigento,Naro,Zona Archeologica,Contrada Canale - Naro,Centralino Soprintendenza BB.CC.AA. di Agrigento 0922552611,"Da LunedÃ¬ al Sabato dalle ore 8,00 alle ore 14,00. Tutte le Domeniche e le FestivitÃ  chiusura totale",Gratuito,Gratuito,,
88,Aree archeologiche,Caltanissetta,Gela,Area archeologica Acropoli (Molino a Vento),Corso Vittorio Emanuele 1,0933912626,"In ora solare, dal lunedÃ¬ al sabato, dalle 9,30 alle 13,00 e dalle 14,00 alle 18,00 (ultimo ingresso ore 17,30). CHIUSO I FESTIVI  tranne la prima domenica di ogni mese, dalle 9,00 alle 13,00 (ultimo ingresso ore 12,30)",,,"Apertura fino alle ore 13,00 tutte le domeniche di giugno e luglio.
Biglietto unico con il Museo Archeologico Regionale di Gela.",http://www.regione.sicilia.it/beniculturali/dirbenicult/database/page_musei/pagina_musei.asp?ID=37&amp;IdSito=22
89,Aree archeologiche,Caltanissetta,San Cataldo,Area archeologica Vassallaggi,Contrada Vassallaggi,0934554964,Visitabile su prenotazione inviando richiesta a: sopricl@regione.sicilia.it,Gratuito,Gratuito,Per ragioni di sicurezza il sito non Ã¨ temporaneamente visitabile.,http://www.regione.sicilia.it/beniculturali/dirbenicult/database/page_musei/pagina_musei.asp?ID=164&amp;IdSito=25
90,Aree archeologiche,Messina,Patti,Villa Romana di Patti,Via Giovanni XXIII 2 - Patti Marina,0941361593,"maggio, giugno, luglio e agosto ore 09:00/19:00. Dal 1 al 15 settembre ore 09:00/18:30; dal 16 al 30 settembre ore 09:00/18:00.","4,00 â‚¬","2,00 â‚¬","Dal 1 settembre 2015 Ã¨ istituito il biglietto unico per la visita della Villa Romana di Patti Marina e dell'area archeologica di Tindari, con tariffa intera di â‚¬ 8,00 e ridotta di â‚¬ 4,00, la cui validitÃ  Ã¨ di tre giorni dalla data di emissione.",http://www.regione.sicilia.it/beniculturali/dirbenicult/database/page_musei/pagina_musei.asp?ID=42&amp;IdSito=49
91,Musei e Gallerie,Palermo,Palermo,Galleria regionale della Sicilia di Palazzo Abatellis di Palermo â€“ Museo interdisciplinare,Via Alloro 4,"Telefono 0916230011, fax 0916165305, urp 0916230068, Biglietteria 0916230047
e-mail:polomuseale.pa@regione.sicilia.it
https://www.facebook.com/GalleriaRegionaledellaSiciliadiPalazzoAbatellis?fref=ts","da martedÃ¬ a venerdÃ¬ 9.00-18.30; sabato, domenica e festivi 9.00-13.00. LunedÃ¬ chiuso.","8,00 â‚¬","4,00 â‚¬",Prima domenica del mese Ingresso gratuito. PossibilitÃ  di biglietto cumulativo.,http://www.regione.sicilia.it/beniculturali/dirbenicult/database/page_musei/pagina_musei.asp?ID=7&amp;IdSito=54
92,Monumentale,Messina,Taormina,Palazzo Ciampoli,Corso Umberto,"09036746433, URP della Soprintendenza di Messina","Prossima apertura, orari in attesa di definizione",,,,
93,Aree archeologiche,Catania,Catania,Teatro Romano e Odeon di Catania,Via Vittorio Emanuele 266,095/7150508 fax 095/311004- polomuseale.ct@regione.sicilia.it; poloregionalect.urp.@regione.sicilia.it,"Da lunedÃ¬ a domenica dalle ore 9.00 alle ore 19.00. 
 
La prima domenica del mese l'ingresso Ã¨ gratuito","6,00 â‚¬","3,00 â‚¬","In occasione dell'evento organizzato in collaborazione con Taobuk ''Premio Sicilia a Isabel Allende'', sabato 3 giugno, il Teatro Antico chiuderÃ  alle ore 17.00",http://www.regione.sicilia.it/beniculturali/dirbenicult/database/page_musei/pagina_musei.asp?ID=147&amp;IdSito=29
94,Musei archeologici,Siracusa,Palazzolo Acreide,Museo archeologico di Palazzo Cappellani,Via Gaetano Italia 36,0931875575,"LunedÃ¬ e festivi dalle 14,00 alle 19,00, chiusura biglietteria 18,00. Dal martedÃ¬ al sabato dalle 9,00 alle 19,00, chiusura biglietteria 18,00",Gratuito,Gratuito,,http://www.regione.sicilia.it/beniculturali/dirbenicult/database/page_musei/pagina_musei.asp?ID=326&amp;IdSito=172
95,Aree archeologiche,Caltanissetta,Gela,Area archeologica Bagni Greci di Gela,Via Europa,0933 912626,"Libero accesso tutti i giorni dalle 9,00 alle 14,00 e dalle 15,00 alle 20,00",Gratuito,Gratuito,Sito non custodito situato all'interno della struttura Casa di Riposo ''Antonietta Aldisio'',http://www.regione.sicilia.it/beniculturali/dirbenicult/database/page_musei/pagina_musei.asp?ID=145&amp;IdSito=23
96,Aree archeologiche,Ragusa,Pozzallo,Torre Cabrera,"Pozzallo, Piazza Rimembranza snc",09321839271,Dal lunedÃ¬ al sabato dalle ore 9 alle 12.30 e dalle ore 16.45 alle 19.45.,,,Ingresso libero. Per info ulteriori ed eventuali variazioni:Comune di Pozzallo cultura@comune.pozzallo.rg.it,http://www.regione.sicilia.it/beniculturali/dirbenicult/database/page_musei/pagina_musei.asp?ID=178&amp;IdSito=128
97,Monumentale,Catania,Catania,Chiesa di San Francesco Borgia,Via Crociferi 17,095310762,"Da lunedÃ¬ a sabato dalle 9,00 alle 19,00. Aperta la prima domenica di ogni mese dalle 9,00 alle 19,00. Ulteriori domeniche del mese 9.00-13.00. Festivi 9.00-13.00.",Ingresso libero,Ingresso libero,,
98,Aree archeologiche e Antiquarium,Palermo,Termini Imerese,Area archeologica e Antiquarium di Himera,Contrada Buonfornello,"Tel. 0918140128 e 0918140906, fax 0918140906 indirizzo email poloarcheologico.pa.uo5@regione.sicilia.it","Feriali 9.30 - 13.30 e 14.30 - 18.30, domeniche e festivi 9,30 - 13,30. Prima domenica del mese ingresso gratuito. LunedÃ¬ chiusura. La biglietteria chiude trenta minuti prima dell'uscita","4,00 â‚¬","2,00 â‚¬",Dipende dal Polo regionale di Palermo per i Parchi e i Musei archeologici. Visita all'area archeologica della CittÃ  alta dalle 9.30 alle 13.30.,http://www.regione.sicilia.it/beniculturali/dirbenicult/database/page_musei/pagina_musei.asp?ID=50&amp;IdSito=65
99,Aree archeologiche,Messina,Capo d'Orlando,Area archeologica di Capo d'Orlando,Contrada Bagnoli,0941955401,Tutti i giorni compresi i festivi da aprile a settembre 09:00/19:00.,Gratuito,Gratuito,,http://www.regione.sicilia.it/beniculturali/dirbenicult/database/page_musei/pagina_musei.asp?ID=168&amp;IdSito=46
100,Aree archeologiche,Agrigento,Sant'Angelo Muxaro,Area archeologica di Sant'Angelo Muxaro,Necropoli - Sant'Angelo Muxaro,0922 919806,"Giorni feriali:aperto tutti i giorni dalle 8,30 alle 19
Domeniche e festivitÃ  infrasettimanali:aperto dalle 8,30 alle 13,30",Gratuito,Gratuito,,http://www.regione.sicilia.it/beniculturali/dirbenicult/database/page_musei/pagina_musei.asp?ID=159&amp;IdSito=15
101,Aree archeologiche,Agrigento,Canicatti',"Zona Archeologica ""Vito Soldano""","Zona archeologica di Vito Soldano - CanicattÃ¬
SS 122 - trazzera CanicattÃ¬-Castrofilippo",Centralino Soprintendenza BB.CC.AA. di Agrigento 0922552611,"Da LunedÃ¬ al Sabato dalle ore 8,00 alle ore 14,00. Tutte le Domeniche e le FestivitÃ  chiusura totale",Gratuito,Gratuito,,
102,Aree archeologiche,Enna,Piazza Armerina,Area archeologica della Villa Romana del Casale a Piazza Armerina,Contrada Casale,0935680036,"Tutti i giorni, festivi compresi, la biglietteria rimarrÃ  aperta dalle ore 9,00 alle ore 18,00, il cancello sarÃ  chiuso alle ore 19,00. L'ingresso Ã¨ libero ogni prima domenica di ogni mese.","10,00 â‚¬","5,00 â‚¬",,http://www.regione.sicilia.it/beniculturali/dirbenicult/database/page_musei/pagina_musei.asp?ID=39&amp;IdSito=124
103,Musei archeologici e Aree archeologiche,Messina,Giardini-Naxos,Museo archeologico regionale e Area archeologica di Naxos,"Via Lungomare SchisÃ², Giardini Naxos ( Messina ) - Sicily - Italy",Direzione 0942628738 Museo e area archeologica 094251001 - Fax 0942571813,www.parconaxostaormina.it - Aperto tutti i giorni dalle 9.00 ad un'ora prima del tramonto,"4,00 â‚¬","2,00 â‚¬","Audio Tour LINK IZI.travel 
https://izi.travel/it/italia/guide-di-citta-in-sicilia-taormina
Scarica App su iziTRAVEL",http://www.regione.sicilia.it/beniculturali/dirbenicult/database/page_musei/pagina_musei.asp?ID=41&amp;IdSito=120
104,Musei e Gallerie,Catania,Catania,Casa Museo Giovanni Verga,"Via Sant'Anna, 8
 Catania.",0957150598,"Tutti i giorni dalle ore 9.00 alle ore 13.15 e dalle 14.15 alle 19.00.
Chiusura  domenica e festivi.","4,00 â‚¬","2,00 â‚¬",,http://www.regione.sicilia.it/beniculturali/dirbenicult/database/page_musei/pagina_musei.asp?ID=3&amp;IdSito=27
105,Monumentale,Siracusa,Siracusa,Castello Maniace,Isola di Ortigia,0931464420,Da lunedÃ¬ a sabato dalle 8.30 alle 13.00. Festivi chiuso. LunedÃ¬ 10 luglio chiuso per lavori,"2,00 â‚¬",,Orari validi per il mese di luglio.,http://www.regione.sicilia.it/beniculturali/dirbenicult/database/page_musei/pagina_musei.asp?ID=102&amp;IdSito=77
106,Aree archeologiche e Antiquarium,Agrigento,Cattolica Eraclea,Area archeologica e Antiquarium Eraclea Minoa,Contrada Minoa - Cattolica Eraclea,0922 846005,"Orario di apertura al pubblico dal 18 Aprile al 17 Settembre dalle ore 9,00 alle ore 19,00
Orario di apertura dal 18 settembre al 31 Dicembre dalle ore 9,00 alle ore 17,00","4,00 â‚¬","2,00 â‚¬",,http://www.regione.sicilia.it/beniculturali/dirbenicult/database/page_musei/pagina_musei.asp?ID=35&amp;IdSito=9
107,Aree archeologiche,Palermo,Palermo,Area archeologica Villa Bonanno,Piazza della Vittoria,0917071317/411,"Da lunedÃ¬ a venerdÃ¬ dalle 9.00 alle 13,00",Gratuito,Gratuito,Dipende dal Polo regionale di Palermo per i Parchi e i Musei archeologici,http://www.regione.sicilia.it/beniculturali/dirbenicult/database/page_musei/pagina_musei.asp?ID=172&amp;IdSito=60
108,Aree archeologiche,Messina,San Fratello,Area Archeologica dellâ€™antica Apollonia,Monte Vecchio,"09036746433, URP-Soprintendenza di Messina",Da aprile a settembre nei giorni feriali ore 09:00/19:00; nei festivi da giugno a settembre ore 09:00/19:00.,Gratuito,Gratuito,,
109,Aree archeologiche,Caltanissetta,Mazzarino,Area archeologica di Sophiana,Mazzarino - Contrada Sofiana (S.P. 25),0935 687667,Visitabile su prenotazione,,,Chiuso al pubblico. Per informazioni urpmuseo.casale@regione.sicilia.it oppure visita www.villaromanadelcasale.it.,http://www.regione.sicilia.it/beniculturali/dirbenicult/database/page_musei/pagina_musei.asp?ID=165&amp;IdSito=129
110,Aree archeologiche,Ragusa,Modica,Area archeologica di Cava d'Ispica,"Modica, S.P. Modica-Cava Ispica snc",0932771667,"Dal 1 aprile tutti i giorni, festivi compresi, dalle 9 alle 18.30.","4,00 â‚¬","2,00 â‚¬",Dipende dal Polo regionale di Ragusa per i siti archeologici e per i Parchi archeologici di Kamarina e Cava Ispica,http://www.regione.sicilia.it/beniculturali/dirbenicult/database/page_musei/pagina_musei.asp?ID=52&amp;IdSito=69
111,Musei e Gallerie,Palermo,Terrasini,Museo regionale di Terrasini,Lungomare Peppino Impastato,"Centralino 091.8810989 - Personale di custodia 091.8683327
e-mail: poloartemoderna.pa.ou3@regione.sicilia.it","LunedÃ¬ chiuso, da martedÃ¬ a domenica dalle 09:00 alle 19:00.
Ingresso gratuito la prima domenica del mese.","6,00 â‚¬","3,00 â‚¬",,http://www.regione.sicilia.it/beniculturali/dirbenicult/database/page_musei/pagina_musei.asp?ID=8&amp;IdSito=66
112,Monumentale,Messina,Taormina,Castello di Tauro,,090 36746435 (URP),Chiuso per ristrutturazione,,,,http://www.regione.sicilia.it/beniculturali/dirbenicult/database/page_musei/pagina_musei.asp?ID=143&amp;IdSito=115
113,Aree archeologiche,Messina,Acquedolci,Area Archeologica. Grotta di San Teodoro,Contrada Favara,0941730005,"Tutti i giorni compresi i festivi da aprile a settembre, ore 09:00/19:00.",Gratuito,Gratuito,,
114,Musei archeologici,Caltanissetta,Caltanissetta,Museo regionale interdisciplinare di Caltanissetta,Contrada Santo Spirito,0934567062 - fax 0934567086,"Tutti i giorni 9,00-13,00 e 15,30-19,00. Chiuso l'ultimo lunedÃ¬ del mese","4,00 â‚¬","2,00 â‚¬",,http://www.regione.sicilia.it/beniculturali/dirbenicult/database/page_musei/pagina_musei.asp?ID=18&amp;IdSito=16
115,Musei archeologici,Caltanissetta,Gela,Museo archeologico regionale di Gela,Corso Vittorio Emanuele 1,0933912626,"In ora solare da lunedÃ¬ a sabato, dalle 9,00 alle 19,00 (ultimo ingresso ore 18,30). CHIUSO I FESTIVI tranne la prima domenica di ogni mese con ingresso libero.","4,00 â‚¬","2,00 â‚¬",Apertura tutte le domeniche di giugno e luglio,http://www.regione.sicilia.it/beniculturali/dirbenicult/database/page_musei/pagina_musei.asp?ID=19&amp;IdSito=19
116,Antiquaria,Agrigento,Sciacca,Zona archeologica di Tranchina,Contrada Tranchina - Sciacca,Centralino Soprintendenza BB.CC.AA. di Agrigento 0922552611,"Da lunedÃ¬ a venerdÃ¬ dalle 9 alle 13,00. Tutti i Sabati,le Domeniche e le FestivitÃ  chiusura totale",Gratuito,Gratuito,,
117,Monumentale,Messina,Spadafora,Castello di Spadafora,Via Nazionale,090 36894435 (URP),"Tutti i giorni dalle 9,00 alle 19,00. Domenica e festivi su prenotazione",Gratuito,Gratuito,,http://www.regione.sicilia.it/beniculturali/dirbenicult/database/page_musei/pagina_musei.asp?ID=144&amp;IdSito=116
118,Musei archeologici,Enna,Aidone,Museo regionale di Aidone,Largo Torres Truppia 1,093587307,"Aperto tutti i giorni, compresi i festivi, dalle 8,30 alle 19,30,(orario continuato)ultimo ingresso alle ore 18.00","6,00 â‚¬","3,00 â‚¬","Prevista vendita biglietti ridotti e cumulativi di due o tre siti tra: Area arch. di Morgantina, Museo di Aidone e Villa del Casale.",http://www.regione.sicilia.it/beniculturali/dirbenicult/database/page_musei/pagina_musei.asp?ID=22&amp;IdSito=40
119,Aree archeologiche,Palermo,San Cipirello,Area archeologica Monte Jato,"Sede uffici: Contrada Perciana - Case D'Alia, 90040 - San Cipirello/Monreale",0918577943,"Area archeologica: da martedÃ¬ a sabato 9,30 - 16,00 (ultimo ingresso ore 14,00). Domeniche e festivi 9,30 - 13,30 (ultimo ingresso ore 12,00). Antiquarium: 9,30 - 18,30. Domeniche e festivi 9,30 - 13,00. Lunedi chiusura",Ingresso libero,Ingresso libero,"Dipende dal Polo regionale di Palermo per i Parchi e i Musei archeologici. Per visitare l'area scavi, posta a 900 metri, Ã¨ consigliabile calzare scarpe e indossare abiti adeguati.",http://www.regione.sicilia.it/beniculturali/dirbenicult/database/page_musei/pagina_musei.asp?ID=94&amp;IdSito=64
120,Monumentale,Trapani,Partanna,Castello Grifeo,Piazza B. Graffeo,0924 923970,"Tutti i giorni dalle 9,30 alle 12,30 e dalle 15,30 alle 18,30. La biglietteria chiude mezz'ora prima.","4,00 â‚¬","2,00 â‚¬","Biglietto cumulativo d'ingresso con il Parco archeologico di Selinunte, con tariffa intera di â‚¬ 6,00 e ridotta di â‚¬ 3,00, la cui validitÃ  Ã¨ di giorni tre dalla data di emissione",http://www.regione.sicilia.it/beniculturali/dirbenicult/database/page_musei/pagina_musei.asp?ID=185&amp;IdSito=151
121,Monumentale,Messina,Messina,Monastero Maria SS. della Valle - Badiazza,Alveo del torrente Scala-Badiazza,(+39) 348 88 31 172,"Su richiesta dei visitatori, previo contatto telefonico con la segreteria dell'Associazione ''Il Centauro Olnus'' come da avviso affisso all'ingresso della Chiesa e pubblicato sul sito dell'Associazione ''www.ilcentauroolnus.org''.",Gratuito,Gratuito,,
122,Musei archeologici,Palermo,Palermo,Museo archeologico regionale Antonino Salinas di Palermo,"Piazza Olivella - UFFICI Via Bara all'Olivella 24, PALERMO",0916116807 - 0916116806 - FAX 0916110740,"ESTIVI: Da martedÃ¬ a sabato, dalle 9.30 alle 18,30. Domeniche e festivi dalle 9,30 alle 13,30. LunedÃ¬ chiuso",Gratuito,Gratuito,"N.B.: la Biglietteria cessa il servizio mezz'ora prima della chiusura.
BIBLIOTECA orari di apertura: LunedÃ¬,MartedÃ¬,GiovedÃ¬,VenerdÃ¬ ore 9,30-13,30; MercoledÃ¬:9,30-17,30.",http://www.regione.sicilia.it/beniculturali/dirbenicult/database/page_musei/pagina_musei.asp?ID=27&amp;IdSito=53
123,Aree archeologiche,Agrigento,Sambuca di Sicilia,Area archeologica di Monte Adranone,Contrada Adragna - Sambuca di Sicilia,0925 946083,"Da lunedÃ¬ a sabato dalle 9 alle 19.00. Prima domenica di ogni mese dalle 9.00 alle 13.00.Tutte le altre Domeniche, comprese le FestivitÃ  chiusura totale","6,00 â‚¬","3,00 â‚¬",Il biglietto comprende l'ingresso alla zona archeologica di Monte Adranone / Museo di Palazzo Panitteri (Sambuca di Sicilia) / Antiquarium di Monte Kronio (Sciacca).,http://www.regione.sicilia.it/beniculturali/dirbenicult/database/page_musei/pagina_musei.asp?ID=158&amp;IdSito=12
124,Monumentale,Caltanissetta,Riesi,Complesso Minerario di Trabia Tallarita,Contrada Palladio - Ex Centrale Elettrica Palladio,0934554964,"GIUGNO-LUGLIO Da lunedÃ¬ a domenica, dalle ore 8,00 alle ore 19,30.","4,00 â‚¬","2,00 â‚¬",Per ragioni di sicurezza Ã¨ visitabile soltanto l'area del Museo delle Solfare,http://www.regione.sicilia.it/beniculturali/dirbenicult/database/page_musei/pagina_musei.asp?ID=99&amp;IdSito=136
125,Aree archeologiche,Catania,Aci Catena,Area archeologica Santa Venera al Pozzo,Via Alimena 7,0957150508 (Uffici del Polo Museale),"da lunedÃ¬ a sabato dalle ore 9.00 alle ore 13,30",Gratuito,Gratuito,,http://www.regione.sicilia.it/beniculturali/dirbenicult/database/page_musei/pagina_musei.asp?ID=93&amp;IdSito=34
126,Aree archeologiche,Siracusa,Siracusa,Area archeologica Castello Eurialo,Piazza Eurialo 1,0931711773,LUGLIO 2017 CHIUSO,"4,00 â‚¬","2,00 â‚¬",,http://www.regione.sicilia.it/beniculturali/dirbenicult/database/page_musei/pagina_musei.asp?ID=103&amp;IdSito=74
127,Monumentale,Ragusa,Scicli,Convento della Croce,"Scicli, Collina della Croce snc",0932249440/456 info:polomuseale.rg@regione.sicilia.it,Tutti i giorni feriali dalle 9 alle 13. Festivi: Solo la prima domenica del mese,"2,00 â‚¬","1,00 â‚¬",Aperture straordinarie solo su prenotazione ai numeri indicati. La prima domenica del mese ingresso gratuito. Dipende dal Polo regionale di Ragusa per i siti archeologici e per i Parchi archeologici di Kamarina e Cava Ispica,http://www.regione.sicilia.it/beniculturali/dirbenicult/database/page_musei/pagina_musei.asp?ID=98&amp;IdSito=137
128,Aree archeologiche,Messina,Taormina,Museo naturalistico regionale di Isolabella e Villa Caronia,"Via Nazionale 109 - Taormina, Sicily, Italy",Tel: 0942628738 Fax 0942628738,"Dalle 9.00 alle 16, chiuso il lunedÃ¬. Maggiori informazioni su www.parconaxostaormina.it, vedi Orari e modalitÃ  di visita. Possibile biglietto unico per la visita di Naxos e Isolabella (intero â‚¬ 6, ridotto â‚¬ 3 - validitÃ  giorni tre)","4,00 â‚¬","2,00 â‚¬","Per motivi di sicurezza l'afflusso dei visitatori sarÃ  regolato in gruppi di non piÃ¹ 15 unitÃ 
Audio Tour LINK IZI.travel 
https://izi.travel/it/italia/guide-di-citta-in-sicilia-taormina
Audio Tour - Scarica App su iziTRAVEL",http://www.regione.sicilia.it/beniculturali/dirbenicult/database/page_musei/pagina_musei.asp?ID=154&amp;IdSito=114
129,Monumentale,Messina,Casalvecchio Siculo,Abbazia e Monastero dei SS. Pietro e Paolo dâ€™AgrÃ²,Contrada San Pietro,"09036746433, URP della Soprintendenza di Messina",Da lunedÃ¬ a venerdÃ¬ dalle 9 alle 13. MercoledÃ¬ dalle 15.30 alle 17.30. Domenica e festivi su prenotazione,Gratuito,Gratuito,,
